timestamp,mean,top_3_mean,min,max,std_dev,median,q1,q3,skewness,dominant_freq,energy,activity,name
01:51:43,2046.726,2057.6666666666665,2035,2060,3.4521863603615994,2047.0,2043.0,2049.0,-0.15257422378502966,601.0,1988681559.0,walking,Yusuf
01:51:46,2046.6193333333333,2053.0,2040,2053,3.5804691809252533,2047.0,2044.0,2050.0,-0.1506149539053438,300.0,1988027977.0,walking,Yusuf
01:51:50,2046.598,2056.0,2030,2059,3.5928256289444382,2047.0,2044.0,2049.0,-0.37012488145954936,300.0,1987897127.0,walking,Yusuf
01:51:53,2046.56,2054.0,2039,2055,3.414830400864246,2047.0,2044.0,2049.0,-0.3212964962426322,300.0,1987661946.0,walking,Yusuf
01:51:56,2046.6566666666668,2055.0,2034,2057,3.3568023805732476,2048.0,2044.0,2049.0,-0.37913415313602516,300.0,1988254873.0,walking,Yusuf
01:51:59,2048.423333333333,2055.0,2039,2055,3.5342310180418157,2049.0,2045.0,2051.0,-0.44815234159978395,300.0,1999108669.0,walking,Yusuf
01:52:02,2045.7966666666666,2052.6666666666665,2038,2053,3.6714196467064646,2046.0,2043.0,2049.0,-0.21307159595240388,300.0,1982978925.0,walking,Yusuf
01:52:05,2046.0886666666668,2057.6666666666665,2025,2061,3.3431728775055722,2046.0,2044.0,2048.0,-0.45188311822682986,300.0,1984767717.0,walking,Yusuf
01:52:08,2045.6786666666667,2052.0,2039,2052,3.477845821130597,2046.0,2042.0,2049.0,-0.14064043610284385,300.0,1982252658.0,walking,Yusuf
01:52:11,2045.7713333333334,2053.0,2037,2053,3.3106461940567162,2046.0,2044.0,2048.0,-0.2370585383306872,300.0,1982819667.0,walking,Yusuf
01:52:14,2045.7046666666668,2052.3333333333335,2039,2053,3.4890464154105043,2046.0,2043.0,2049.0,-0.08946478381419869,300.0,1982412339.0,walking,Yusuf
01:52:17,2046.5053333333333,2053.3333333333335,2040,2054,3.4000938549137465,2047.0,2044.0,2049.0,-0.24233788483049518,300.0,1987326164.0,walking,Yusuf
01:52:20,2046.636,2057.3333333333335,2035,2059,3.360481711501096,2047.0,2044.0,2049.0,-0.23642005916854772,601.0,1988128018.0,walking,Yusuf
01:52:23,2046.5573333333334,2053.3333333333335,2040,2054,3.4556301242400864,2047.0,2043.0,2049.0,-0.16211738479942198,300.0,1987645994.0,walking,Yusuf
01:52:26,2046.8933333333334,2054.3333333333335,2038,2055,3.4215915724833215,2047.0,2044.0,2050.0,-0.2699894931922222,300.0,1989708742.0,walking,Yusuf
01:52:29,2046.6366666666668,2053.0,2040,2053,3.235736220536045,2047.0,2044.0,2049.0,-0.2698815870849833,300.0,1988130877.0,walking,Yusuf
01:52:32,2046.6566666666668,2053.3333333333335,2033,2054,3.4735364623903915,2047.0,2044.0,2049.0,-0.2830708520492654,300.0,1988256069.0,walking,Yusuf
01:52:35,2046.142,2054.6666666666665,2038,2055,3.5184043731972214,2046.0,2044.0,2049.0,-0.15333259444472377,601.0,1985096899.0,walking,Yusuf
01:52:38,2047.8446666666666,2056.3333333333335,2041,2058,3.446041916298884,2048.0,2045.0,2051.0,-0.07491583758659673,300.0,1995552185.0,walking,Yusuf
01:52:41,2047.7266666666667,2054.3333333333335,2037,2055,3.3099781805255994,2048.0,2045.0,2050.0,-0.27115144041555955,300.0,1994825890.0,walking,Yusuf
01:52:44,2047.638,2054.0,2042,2054,3.155570101687913,2048.0,2045.0,2050.0,-0.2920434968094019,300.0,1994279709.0,walking,Yusuf
01:52:47,2047.7986666666666,2056.6666666666665,2032,2058,3.1414643436178333,2048.0,2045.0,2050.0,-0.3736610421643673,300.0,1995266576.0,walking,Yusuf
01:52:50,2047.9333333333334,2055.6666666666665,2042,2057,3.3782967437584412,2048.0,2045.0,2051.0,-0.11888623528899153,300.0,1996096230.0,walking,Yusuf
01:52:53,2047.4646666666667,2055.3333333333335,2035,2057,3.199492390294991,2048.0,2044.0,2050.0,-0.4619414008228363,300.0,1993215401.0,walking,Yusuf
01:52:56,2047.518,2054.3333333333335,2041,2055,3.3623914108860085,2048.0,2045.0,2050.0,-0.1871413728577556,300.0,1993544603.0,walking,Yusuf
01:52:59,2047.466,2054.0,2041,2054,3.1571364662723513,2048.0,2044.0,2050.0,-0.23584555608723218,300.0,1993223187.0,walking,Yusuf
01:53:02,2047.7586666666666,2058.0,2030,2059,3.2108812220669614,2048.0,2045.0,2050.0,-0.3436205821176021,601.0,1995021504.0,walking,Yusuf
01:53:05,2047.492,2054.0,2041,2054,3.379635483302896,2048.0,2044.0,2050.0,-0.2518490754939772,300.0,1993385072.0,walking,Yusuf
01:53:08,2047.8033333333333,2056.3333333333335,2035,2058,3.098707615908427,2048.0,2045.0,2050.0,-0.2544850662781944,300.0,1995294845.0,walking,Yusuf
01:53:11,2047.5493333333334,2054.0,2042,2054,3.2965991904115706,2048.0,2045.0,2050.0,-0.22883336803782967,300.0,1993736414.0,walking,Yusuf
01:53:14,2048.211333333333,2056.3333333333335,2037,2058,3.273734598623142,2049.0,2045.75,2051.0,-0.24650762160236583,300.0,1997803279.0,walking,Yusuf
01:53:17,2046.1133333333332,2055.0,2039,2056,3.3963444400642815,2047.0,2044.0,2048.0,-0.2130331128298983,601.0,1984919666.0,walking,Yusuf
01:53:20,2046.748,2054.3333333333335,2038,2055,3.4852779898691963,2047.0,2043.0,2050.0,-0.15326685171108642,601.0,1988816988.0,walking,Yusuf
01:53:23,2046.616,2053.0,2040,2053,3.176666596712136,2047.0,2044.0,2049.0,-0.2997934470773592,300.0,1988003418.0,walking,Yusuf
01:53:26,2046.7693333333334,2054.3333333333335,2036,2056,3.4438533973185073,2047.0,2044.0,2050.0,-0.25362477414931295,601.0,1988947550.0,walking,Yusuf
01:53:29,2046.742,2055.0,2040,2056,3.439103953066845,2047.0,2044.0,2050.0,-0.14864842766955924,300.0,1988779667.0,walking,Yusuf
01:53:33,2046.3913333333333,2054.0,2036,2056,3.294165279534239,2047.0,2044.0,2049.0,-0.25088419977897136,300.0,1986625215.0,walking,Yusuf
01:53:36,2046.156,2053.0,2039,2053,3.5337889014484154,2046.0,2043.0,2049.0,-0.18681743130157988,601.0,1985183000.0,walking,Yusuf
01:53:39,2047.3,2055.0,2039,2055,3.795172372018606,2048.0,2044.0,2050.0,-0.2013422840953881,300.0,1992210244.0,walking,Yusuf
01:53:42,2049.4926666666665,2058.6666666666665,2035,2060,3.3375559254573637,2050.0,2047.0,2052.0,-0.39342571378680796,601.0,2005679699.0,walking,Yusuf
01:53:45,2049.108,2055.6666666666665,2041,2056,3.3186848800893003,2050.0,2046.0,2052.0,-0.2424479038099754,300.0,2003314618.0,walking,Yusuf
01:53:48,2049.6433333333334,2056.6666666666665,2044,2058,3.1061426596700645,2050.0,2047.0,2052.0,-0.18925920618748773,300.0,2006603867.0,walking,Yusuf
01:53:51,2049.5346666666665,2055.0,2044,2055,3.065854675109192,2050.0,2047.0,2052.0,-0.3028351395425018,601.0,2005935328.0,walking,Yusuf
01:53:54,2049.8386666666665,2056.6666666666665,2041,2057,3.1729016513104984,2050.0,2048.0,2052.0,-0.33587025340478327,300.0,2007805644.0,walking,Yusuf
01:53:57,2049.5533333333333,2055.0,2043,2055,3.2237383406363627,2050.0,2046.0,2052.0,-0.24080522012512845,301.0,2006051592.0,walking,Yusuf
01:54:00,2049.6966666666667,2059.6666666666665,2035,2062,3.043789670058619,2050.0,2048.0,2052.0,-0.4607355342357555,300.0,2006931239.0,walking,Yusuf
01:54:03,2049.5253333333335,2055.6666666666665,2043,2056,3.2137244575241493,2050.0,2047.0,2052.0,-0.1650008284171401,300.0,2005879334.0,walking,Yusuf
01:54:06,2049.752,2059.0,2035,2063,3.154863335656026,2050.0,2048.0,2052.0,-0.23998043592250795,300.0,2007272526.0,walking,Yusuf
01:54:09,2049.366666666667,2055.3333333333335,2044,2056,3.0638030107839653,2050.0,2047.0,2052.0,-0.34660478171892123,300.0,2004902386.0,walking,Yusuf
01:54:12,2048.175333333333,2055.3333333333335,2040,2056,3.5007510940114295,2049.0,2045.0,2051.0,-0.26712414270808066,300.0,1997584381.0,walking,Yusuf
01:54:15,2046.168,2053.0,2039,2053,3.5245485762955044,2046.0,2043.0,2049.0,-0.12081383215317183,300.0,1985256564.0,walking,Yusuf
01:54:18,2046.3573333333334,2053.0,2039,2053,3.355042904180048,2047.0,2044.0,2049.0,-0.31624335855084806,300.0,1986417092.0,walking,Yusuf
01:54:21,2046.602,2055.3333333333335,2034,2056,3.548088123670737,2047.0,2044.0,2049.0,-0.25674140662144185,300.0,1987921207.0,walking,Yusuf
01:54:24,2046.3133333333333,2054.3333333333335,2037,2055,3.3100587440238716,2047.0,2044.0,2049.0,-0.05461023088273081,300.0,1986146526.0,walking,Yusuf
01:54:27,2045.7973333333334,2053.3333333333335,2040,2054,3.273569848889062,2046.0,2043.0,2048.0,-0.3284697047598276,300.0,1982978872.0,walking,Yusuf
01:54:30,2046.0053333333333,2054.0,2038,2054,4.361953486939335,2046.0,2042.0,2050.0,-0.22588679518874627,600.0,1984267980.0,walking,Yusuf
01:54:33,2046.6633333333334,2055.0,2035,2055,4.062428119022197,2047.0,2043.0,2050.0,-0.06906184439591624,300.0,1988303659.0,walking,Yusuf
01:54:36,2046.1373333333333,2053.3333333333335,2037,2054,3.8986928863687407,2047.0,2043.0,2049.0,-0.4517694688598978,300.0,1985072484.0,walking,Yusuf
01:54:39,2046.722,2057.0,2027,2059,4.103906594128738,2047.0,2044.0,2050.0,-0.3236520449335808,300.0,1988664385.0,walking,Yusuf
01:54:42,2046.2613333333334,2054.0,2039,2054,4.026872842403754,2047.0,2043.0,2049.0,-0.25620199809955163,601.0,1985835194.0,walking,Yusuf
01:54:45,2046.448,2057.0,2024,2061,4.012060484755101,2048.0,2043.0,2050.0,-0.42043220394448616,300.0,1986980974.0,walking,Yusuf
01:54:48,2045.2886666666666,2053.0,2037,2053,3.8401395229282427,2046.0,2042.0,2048.0,-0.15981141982545563,600.0,1979863419.0,walking,Yusuf
01:54:51,2045.962,2055.3333333333335,2037,2058,3.3655939545148144,2046.0,2043.0,2048.0,-0.1455988821950099,300.0,1983990453.0,walking,Yusuf
01:54:54,2046.1466666666668,2052.3333333333335,2040,2053,3.466769229252055,2046.0,2043.0,2049.0,-0.22015003760027527,300.0,1985125004.0,walking,Yusuf
01:54:57,2046.11,2053.0,2038,2053,3.491212778772824,2046.0,2043.0,2049.0,-0.10315536882060206,601.0,1984900185.0,walking,Yusuf
01:55:00,2046.4686666666666,2054.6666666666665,2037,2056,3.392297877381774,2047.0,2044.0,2049.0,-0.3135979955798575,300.0,1987100971.0,walking,Yusuf
01:55:03,2046.0246666666667,2055.3333333333335,2036,2058,3.5990820434599096,2046.0,2043.0,2049.0,-0.07116852461552817,300.0,1984377539.0,walking,Yusuf
01:55:06,2045.402,2053.0,2037,2054,3.5676877666073867,2046.0,2043.0,2048.0,-0.3188969337279175,300.0,1980555809.0,walking,Yusuf
01:55:09,2044.964,2053.0,2036,2053,4.29372068645986,2046.0,2041.0,2048.0,-0.3088568719119064,300.0,1977877000.0,walking,Yusuf
01:55:13,2045.81,2058.3333333333335,2032,2059,4.0405321431712435,2046.0,2042.0,2049.0,-0.26033947887350367,300.0,1983065027.0,walking,Yusuf
01:55:16,2045.1333333333334,2054.6666666666665,2036,2055,4.576121599005963,2046.0,2041.0,2048.0,-0.17286579357847348,300.0,1978919642.0,walking,Yusuf
01:55:19,2045.2006666666666,2055.3333333333335,2032,2057,3.958164501662636,2046.0,2042.0,2048.0,-0.3484922246087732,300.0,1979324855.0,walking,Yusuf
01:55:22,2045.0586666666666,2053.0,2037,2053,4.227910227155833,2046.0,2041.0,2048.0,-0.16258815547992472,300.0,1978456942.0,walking,Yusuf
01:55:25,2045.456,2054.3333333333335,2035,2057,3.8547024096117544,2046.0,2042.0,2048.0,-0.3735171451637135,300.0,1980890364.0,walking,Yusuf
01:55:28,2046.4453333333333,2053.6666666666665,2039,2054,3.7379599902739575,2047.0,2043.0,2049.25,-0.29666116083354405,300.0,1986961416.0,walking,Yusuf
01:55:31,2045.324,2054.3333333333335,2035,2056,4.021155389520115,2046.0,2043.0,2048.0,-0.2659909019764892,300.0,1980082356.0,walking,Yusuf
01:55:34,2045.174,2053.0,2037,2053,3.927135172955811,2046.0,2042.0,2048.0,-0.23626787590951975,300.0,1979160873.0,walking,Yusuf
01:55:37,2045.2313333333334,2053.6666666666665,2033,2054,4.3273338468648594,2046.0,2042.0,2049.0,-0.1703600631750311,300.0,1979517603.0,walking,Yusuf
01:55:40,2045.514,2054.6666666666665,2032,2055,4.05172440655416,2046.0,2043.0,2048.0,-0.3477108823824455,300.0,1981248615.0,walking,Yusuf
01:55:43,2045.182,2053.3333333333335,2038,2054,4.225581932310231,2046.0,2042.0,2049.0,-0.0660722465187646,300.0,1979213607.0,walking,Yusuf
01:55:46,2045.4286666666667,2055.6666666666665,2024,2057,4.140963441304719,2046.0,2042.0,2048.0,-0.3228657590496984,300.0,1980726071.0,walking,Yusuf
01:55:49,2045.1626666666666,2053.0,2037,2053,4.048893621170548,2046.0,2041.0,2048.0,-0.20347333933391615,600.0,1979092794.0,walking,Yusuf
01:55:52,2046.9706666666666,2057.6666666666665,2034,2059,3.9478862980362313,2048.0,2044.0,2050.0,-0.32285774824303004,300.0,1990189448.0,walking,Yusuf
01:55:55,2046.456,2053.6666666666665,2039,2054,3.7829526387025605,2047.0,2043.0,2049.0,-0.3003482559208862,300.0,1987027410.0,walking,Yusuf
01:55:58,2045.856,2056.0,2031,2060,4.215123248494639,2046.0,2042.0,2049.0,-0.2097116134470114,300.0,1983349514.0,walking,Yusuf
01:56:01,2046.504,2053.0,2038,2053,3.554056461753715,2047.0,2044.0,2049.0,-0.3511189111982608,300.0,1987319584.0,walking,Yusuf
01:56:04,2045.8333333333333,2053.3333333333335,2036,2054,3.479495493442819,2046.0,2043.0,2049.0,-0.24869738605705288,601.0,1983201906.0,walking,Yusuf
01:56:07,2045.6793333333333,2054.0,2038,2055,3.6281087206544527,2046.0,2043.0,2048.0,-0.19290658220910706,300.0,1982258351.0,walking,Yusuf
01:56:10,2045.7,2053.6666666666665,2029,2055,3.747977232232519,2046.0,2042.0,2049.0,-0.2866982371046046,300.0,1982386510.0,walking,Yusuf
01:56:13,2045.418,2053.0,2038,2053,3.626284967658591,2046.0,2043.0,2048.0,-0.24839999128953563,300.0,1980654621.0,walking,Yusuf
01:56:16,2045.5193333333334,2052.3333333333335,2037,2053,3.539532863089265,2046.0,2042.0,2048.0,-0.17616275610891605,300.0,1981275511.0,walking,Yusuf
01:56:19,2045.534,2056.3333333333335,2032,2059,3.8371227067513316,2046.0,2042.0,2049.0,-0.2151896635294977,601.0,1981368807.0,walking,Yusuf
01:56:22,2045.4206666666666,2057.3333333333335,2030,2063,3.707070661437261,2046.0,2042.0,2048.0,-0.15924657786890978,300.0,1980671873.0,walking,Yusuf
01:56:25,2045.6353333333334,2052.3333333333335,2039,2053,3.5150654174408884,2046.0,2043.0,2048.0,-0.21834736704687943,300.0,1981987113.0,walking,Yusuf
01:56:28,2045.65,2052.6666666666665,2038,2053,3.6819605284866013,2046.0,2043.0,2049.0,-0.08663502294207,300.0,1982078923.0,walking,Yusuf
01:56:31,2045.86,2059.0,2022,2060,3.7279663803920404,2046.0,2043.0,2049.0,-0.4468651168184647,300.0,1983368260.0,walking,Yusuf
01:56:34,2045.462,2054.3333333333335,2029,2056,3.6181794685541324,2046.0,2042.0,2048.0,-0.3133243800475794,300.0,1980924531.0,walking,Yusuf
01:56:37,2045.672,2052.6666666666665,2037,2053,3.421171729101011,2046.0,2043.0,2048.0,-0.26660379739813833,300.0,1982211158.0,walking,Yusuf
01:56:40,2045.536,2052.0,2038,2052,3.5165376911577857,2046.0,2042.0,2048.0,-0.21797033408259847,300.0,1981377544.0,walking,Yusuf
01:56:43,2046.2133333333334,2057.0,2032,2059,3.852595084989972,2046.0,2043.0,2049.0,-0.1906115487487315,300.0,1985538476.0,walking,Yusuf
01:56:46,2045.2866666666666,2052.3333333333335,2038,2053,3.4687878126067164,2046.0,2043.0,2048.0,-0.2853224490162961,300.0,1979847076.0,walking,Yusuf
01:56:50,2045.558,2053.6666666666665,2033,2055,3.622333870126644,2046.0,2042.0,2049.0,-0.11943683864287515,601.0,1981513683.0,walking,Yusuf
01:56:52,2045.48,2052.0,2038,2052,3.46433254754794,2046.0,2043.0,2048.0,-0.3095156185534675,300.0,1981033352.0,walking,Yusuf
01:56:56,2045.71,2054.6666666666665,2036,2055,3.6848202127105196,2046.0,2042.75,2049.0,-0.11882042888636216,300.0,1982447177.0,walking,Yusuf
01:56:59,2045.794,2053.0,2038,2053,3.467885619028786,2046.0,2043.0,2048.0,-0.2825771547520115,300.0,1982960379.0,walking,Yusuf
01:57:02,2045.418,2053.6666666666665,2036,2055,3.675224618985893,2046.0,2043.0,2048.0,-0.24473413344442924,601.0,1980655157.0,walking,Yusuf
01:57:05,2045.356,2052.0,2039,2052,3.59591397746572,2046.0,2042.0,2048.0,-0.14080374041251373,300.0,1980273850.0,walking,Yusuf
01:57:08,2045.3486666666668,2052.3333333333335,2035,2053,3.5476421590809983,2046.0,2043.0,2048.0,-0.22545302549981436,300.0,1980228335.0,walking,Yusuf
01:57:11,2044.982,2053.6666666666665,2038,2054,3.5090847809649746,2045.0,2042.0,2048.0,-0.09296645409525098,300.0,1977978245.0,walking,Yusuf
01:57:14,2044.4593333333332,2054.0,2030,2056,3.772048014304991,2045.0,2042.0,2048.0,-0.17268940359088736,300.0,1974774995.0,walking,Yusuf
01:57:17,2044.9973333333332,2052.0,2038,2052,3.4003910886184188,2045.0,2042.0,2048.0,-0.21400525376845297,300.0,1978071188.0,walking,Yusuf
01:57:20,2044.8786666666667,2052.0,2038,2052,3.677129073369906,2045.0,2042.0,2048.0,-0.14114791779058544,300.0,1977346128.0,walking,Yusuf
01:57:23,2045.1913333333334,2053.3333333333335,2036,2054,3.3657180841868235,2046.0,2042.0,2048.0,-0.21302399249467366,300.0,1979261081.0,walking,Yusuf
01:57:26,2044.3806666666667,2051.3333333333335,2037,2052,3.7323486201348106,2045.0,2041.0,2048.0,-0.14238478064043758,601.0,1974292065.0,walking,Yusuf
01:57:29,2045.1253333333334,2054.0,2032,2055,3.65918363694539,2045.0,2042.0,2048.0,-0.26074312292043156,300.0,1978859232.0,walking,Yusuf
01:57:32,2044.724,2051.6666666666665,2038,2052,3.3563607275341147,2045.0,2042.0,2048.0,-0.2710246938108184,300.0,1976393956.0,walking,Yusuf
01:57:35,2045.0593333333334,2056.6666666666665,2029,2058,3.718397444539187,2045.0,2042.0,2048.0,-0.1456846351919289,300.0,1978454959.0,walking,Yusuf
01:57:38,2044.9433333333334,2054.6666666666665,2038,2056,3.7464813121410634,2045.0,2042.0,2048.0,-0.18473226844545892,300.0,1977743613.0,walking,Yusuf
01:57:41,2044.7186666666666,2054.3333333333335,2033,2056,3.4555537263303484,2045.0,2042.0,2048.0,-0.17994624115397395,301.0,1976362254.0,walking,Yusuf
01:57:44,2044.9626666666666,2052.0,2038,2052,3.6829254072755204,2045.0,2042.0,2048.0,-0.15137870999534606,300.0,1977861512.0
02:06:52,2045.726,2053.3333333333335,2035,2054,3.4991795228786606,2046.0,2043.0,2048.0,-0.3226676761650378,300.0,1982543371.0,walking,Enes
02:06:55,2045.0746666666666,2052.6666666666665,2038,2053,3.768433567884083,2045.0,2042.0,2048.0,-0.07315202215842802,300.0,1978549594.0,walking,Enes
02:06:58,2045.0406666666668,2052.0,2038,2052,3.454515820712876,2046.0,2042.0,2048.0,-0.33094679006716604,300.0,1978337597.0,walking,Enes
02:07:01,2048.1806666666666,2055.3333333333335,2036,2056,3.5515291855136932,2049.0,2045.0,2051.0,-0.3905123715715808,300.0,1997617689.0,walking,Enes
02:07:04,2047.5806666666667,2053.3333333333335,2041,2054,2.863941262588246,2048.0,2045.0,2050.0,-0.2487507740729092,300.0,1993924887.0,walking,Enes
02:07:07,2046.7626666666667,2053.0,2040,2053,3.4259314386342035,2047.0,2044.0,2050.0,-0.16710238138672462,300.0,1988906430.0,walking,Enes
02:07:10,2047.21,2054.0,2041,2054,3.021572438317506,2048.0,2045.0,2049.0,-0.32418204591520855,300.0,1991649575.0,walking,Enes
02:07:13,2047.934,2055.6666666666665,2035,2058,3.356234596488551,2048.0,2045.0,2051.0,-0.28904075058926737,300.0,1996100103.0,walking,Enes
02:07:16,2047.082,2053.3333333333335,2041,2054,3.2624034085318145,2048.0,2044.0,2050.0,-0.163259303298568,300.0,1990865741.0,walking,Enes
02:07:19,2047.7986666666666,2054.3333333333335,2039,2055,3.036357174129699,2048.0,2046.0,2050.0,-0.18649325712817164,300.0,1995265602.0,walking,Enes
02:07:22,2047.092,2053.3333333333335,2040,2054,3.238240674605065,2048.0,2044.0,2049.0,-0.32685514936099397,300.0,1990926918.0,walking,Enes
02:07:25,2047.26,2054.0,2041,2054,3.2786785956133815,2048.0,2045.0,2050.0,-0.22580184228262257,300.0,1991959090.0,walking,Enes
02:07:28,2047.4013333333332,2054.0,2040,2054,3.4392244603818587,2048.0,2044.0,2050.0,-0.3005044818201093,300.0,1992828776.0,walking,Enes
02:07:31,2046.3953333333334,2054.3333333333335,2036,2055,3.6853373733697103,2047.0,2043.0,2049.0,-0.24666485398944263,300.0,1986653867.0,walking,Enes
02:07:34,2043.804,2051.0,2036,2051,3.822597371770491,2044.0,2040.0,2047.0,-0.3344352605469871,300.0,1970756808.0,walking,Enes
02:07:37,2043.72,2051.0,2036,2051,3.8171891927612567,2044.0,2041.0,2047.0,-0.29763504579899164,600.0,1970241718.0,walking,Enes
02:07:40,2044.1,2051.0,2033,2051,3.75987588447633,2044.0,2041.0,2047.0,-0.20819492519710384,600.0,1972571124.0,walking,Enes
02:07:43,2043.654,2051.0,2037,2051,3.746947735602051,2044.0,2041.0,2046.0,-0.18400008354307473,300.0,1969836271.0,walking,Enes
02:07:46,2044.7406666666666,2052.0,2038,2052,3.4926703569363973,2045.0,2042.0,2048.0,-0.09377197895223756,300.0,1976497593.0,walking,Enes
02:07:49,2044.99,2052.6666666666665,2034,2054,3.516897306812735,2045.0,2042.0,2048.0,-0.3104197471474717,300.0,1978027407.0,walking,Enes
02:07:52,2043.628,2051.0,2036,2051,3.635237177039943,2044.0,2040.0,2046.0,-0.2698746742448389,300.0,1969675630.0,walking,Enes
02:07:55,2044.5886666666668,2051.0,2035,2051,3.895741891974992,2046.0,2041.0,2048.0,-0.34140532211697583,300.0,1975569693.0,walking,Enes
02:07:58,2044.6773333333333,2052.0,2037,2052,4.035329753839483,2045.0,2042.0,2048.0,-0.2780403935799789,600.0,1976115226.0,walking,Enes
02:08:01,2045.8006666666668,2052.0,2038,2052,3.5681367063995117,2047.0,2041.0,2048.0,-0.5155822689402345,300.0,1983002353.0,walking,Enes
02:08:04,2047.7353333333333,2055.0,2040,2055,4.043424895912979,2048.0,2044.0,2051.0,-0.10922872687441851,600.0,1994887221.0,walking,Enes
02:08:07,2045.9886666666666,2058.6666666666665,2025,2062,3.8654717119072997,2047.0,2043.0,2049.0,-0.683329247282844,300.0,1984159553.0,walking,Enes
02:08:10,2044.4613333333334,2051.0,2036,2051,3.885765247098125,2045.0,2040.0,2048.0,-0.2501047509850527,300.0,1974788568.0,walking,Enes
02:08:13,2044.4126666666666,2054.0,2034,2055,4.521029332156807,2044.0,2041.0,2048.0,-0.1920382001476048,600.0,1974498091.0,walking,Enes
02:08:16,2044.7373333333333,2053.6666666666665,2032,2057,3.501857538824534,2045.0,2042.0,2047.0,-0.37568829367800743,300.0,1976477242.0,walking,Enes
02:08:19,2045.1,2053.0,2038,2053,4.113311723335996,2045.0,2041.0,2049.0,-0.0657063491471679,300.0,1978709098.0,walking,Enes
02:08:22,2045.9653333333333,2053.0,2039,2053,3.63338201802245,2046.0,2044.0,2049.0,-0.13621476473327468,600.0,1984013724.0,walking,Enes
02:08:25,2046.4993333333334,2057.6666666666665,2036,2059,3.323151048160298,2047.0,2044.0,2049.0,-0.19118080541389032,300.0,1987288551.0,walking,Enes
02:08:29,2046.1446666666666,2053.0,2040,2053,3.4278863588060924,2046.0,2044.0,2049.0,-0.20194210569723742,300.0,1985112325.0,walking,Enes
02:08:31,2046.442,2053.3333333333335,2040,2054,3.3047394249269737,2047.0,2044.0,2049.0,-0.26870171333911674,300.0,1986936375.0,walking,Enes
02:08:35,2046.7433333333333,2056.0,2036,2059,3.4329951289734675,2047.0,2044.0,2049.0,-0.19864246558031787,300.0,1988787791.0,walking,Enes
02:08:38,2046.5666666666666,2053.0,2040,2053,3.299124462978355,2047.0,2044.0,2049.0,-0.19656886211371274,300.0,1987701712.0,walking,Enes
02:08:41,2046.4713333333334,2053.0,2040,2053,3.222397382212332,2047.0,2044.0,2049.0,-0.26168271321665065,300.0,1987115657.0,walking,Enes
02:08:44,2046.7153333333333,2053.0,2036,2053,3.227532321896853,2047.0,2044.0,2049.0,-0.28748355288473404,300.0,1988613813.0,walking,Enes
02:08:47,2046.6966666666667,2054.6666666666665,2036,2056,3.4245178087173413,2047.0,2044.0,2049.0,-0.23136110616460703,300.0,1988501163.0,walking,Enes
02:08:50,2046.168,2053.0,2039,2053,3.5443536317171667,2046.0,2043.0,2049.0,-0.1737469800514957,300.0,1985256774.0,walking,Enes
02:08:53,2045.776,2054.3333333333335,2035,2055,3.2997713052068725,2046.0,2043.0,2048.0,-0.21173934218662008,300.0,1982848200.0,walking,Enes
02:08:56,2046.3406666666667,2053.3333333333335,2039,2054,3.438305719714612,2047.0,2044.0,2049.0,-0.28245052766216544,300.0,1986315623.0,walking,Enes
02:08:59,2045.954,2053.0,2039,2053,3.579182960770051,2046.0,2043.0,2049.0,-0.15759740589536103,600.0,1983943575.0,walking,Enes
02:09:02,2046.16,2054.0,2032,2056,3.4044676529525137,2046.0,2043.0,2049.0,-0.25625210070528154,300.0,1985206208.0,walking,Enes
02:09:05,2046.45,2055.0,2035,2058,3.25568733142481,2047.0,2044.0,2049.0,-0.2044255104528201,300.0,1986985007.0,walking,Enes
02:09:08,2045.264,2053.0,2038,2053,3.385799364010415,2045.0,2043.0,2048.0,-0.036420259557417484,300.0,1979707144.0,walking,Enes
02:09:11,2045.4906666666666,2053.0,2037,2053,3.518036320954568,2046.0,2043.0,2048.0,-0.20168890421826535,300.0,1981099370.0,walking,Enes
02:09:14,2045.858,2052.6666666666665,2039,2053,3.5549734176221346,2046.0,2043.0,2049.0,-0.09988206407154977,600.0,1983354095.0,walking,Enes
02:09:17,2045.72,2052.0,2039,2052,3.3758356990035323,2046.0,2043.0,2048.0,-0.33565215118396485,300.0,1982505276.0,walking,Enes
02:09:20,2045.612,2052.0,2039,2052,3.2387429660286413,2046.0,2043.0,2048.0,-0.3412115780499175,300.0,1981841120.0,walking,Enes
02:09:23,2045.394,2053.6666666666665,2035,2054,3.4631532837381984,2046.0,2042.0,2048.0,-0.21715128806342412,300.0,1980505617.0,walking,Enes
02:09:26,2045.424,2052.0,2039,2052,3.4324273238239624,2046.0,2042.0,2048.0,-0.22943910832226314,300.0,1980689386.0,walking,Enes
02:09:29,2045.8973333333333,2055.3333333333335,2031,2056,3.6291587026319045,2046.5,2042.0,2049.0,-0.30496478007571126,300.0,1983596308.0,walking,Enes
02:09:32,2046.0946666666666,2053.6666666666665,2036,2055,3.385710888753235,2046.0,2043.0,2049.0,-0.13382152021179364,300.0,1984804976.0,walking,Enes
02:09:35,2045.8233333333333,2053.0,2039,2053,3.5156965486546503,2046.0,2043.0,2048.0,-0.11332071095569188,300.0,1983140911.0,walking,Enes
02:09:38,2045.918,2053.0,2039,2053,3.404204655030795,2046.0,2043.0,2048.0,-0.21451587325242563,300.0,1983720781.0,walking,Enes
02:09:41,2045.892,2055.0,2031,2058,3.5297312456710737,2046.0,2043.0,2049.0,-0.27992002041527286,300.0,1983562506.0,walking,Enes
02:09:44,2045.6826666666666,2052.6666666666665,2039,2053,3.635285347198423,2046.0,2042.0,2049.0,-0.1453832476518965,600.0,1982278886.0,walking,Enes
02:09:47,2045.5086666666666,2052.0,2038,2052,3.58058536493065,2046.0,2043.0,2048.0,-0.23507498229093385,600.0,1981210493.0,walking,Enes
02:09:50,2046.144,2054.0,2037,2054,3.38712227906424,2047.0,2043.0,2049.0,-0.3748710539047294,300.0,1985107816.0,walking,Enes
02:09:53,2045.9066666666668,2052.0,2039,2052,3.232432864302401,2046.0,2043.0,2048.0,-0.3118007808388245,300.0,1983649510.0,walking,Enes
02:09:56,2045.4333333333334,2053.0,2039,2053,3.3898213653360685,2046.0,2042.0,2048.0,-0.20995532594553426,300.0,1980746222.0,walking,Enes
02:09:59,2046.1846666666668,2053.0,2038,2054,3.8167916136753157,2048.0,2043.0,2049.0,-0.40789879347016805,300.0,1985362091.0,walking,Enes
02:10:02,2046.984,2054.0,2040,2054,3.657833238407678,2048.0,2044.0,2050.0,-0.09860404939232527,300.0,1990268018.0,walking,Enes
02:10:05,2046.7666666666667,2053.6666666666665,2040,2054,3.6138929455951265,2047.0,2043.0,2050.0,-0.24429878875006378,300.0,1988932976.0,walking,Enes
02:10:08,2047.1853333333333,2055.3333333333335,2037,2057,3.49747311958537,2048.0,2044.0,2050.0,-0.3182211336062414,300.0,1991502736.0,walking,Enes
02:10:12,2046.9733333333334,2053.3333333333335,2040,2054,3.387125953108656,2048.0,2044.0,2049.0,-0.3111961336747683,300.0,1990199654.0,walking,Enes
02:10:14,2047.67,2053.0,2041,2053,3.301479466340305,2049.0,2044.0,2050.0,-0.3942518746767548,300.0,1994477697.0,walking,Enes
02:10:18,2048.4166666666665,2055.0,2038,2055,3.1496648851725304,2049.0,2045.0,2051.0,-0.11522015196452474,300.0,1999063845.0,walking,Enes
02:10:21,2047.994,2055.0,2042,2055,3.29534479733659,2048.0,2045.0,2051.0,-0.006889242517554948,300.0,1996468129.0,walking,Enes
02:10:24,2047.688,2053.6666666666665,2040,2054,3.3083716034730233,2048.0,2045.0,2050.0,-0.3850965639507641,300.0,1994588340.0,walking,Enes
02:10:27,2048.598,2056.6666666666665,2039,2058,3.2664551632210315,2049.0,2046.0,2051.0,-0.15061725658610564,300.0,2000179357.0,walking,Enes
02:10:30,2048.4746666666665,2055.0,2043,2055,3.232959153606629,2049.0,2046.0,2051.0,-0.16453991286362818,600.0,1999421072.0,walking,Enes
02:10:33,2048.5266666666666,2055.0,2042,2055,3.232535984159943,2049.0,2046.0,2051.0,-0.2046703869127972,600.0,1999740634.0,walking,Enes
02:10:36,2048.5853333333334,2055.0,2039,2056,2.8703167459746006,2049.0,2046.0,2051.0,-0.36529508705386915,300.0,2000097864.0,walking,Enes
02:10:39,2048.4946666666665,2055.0,2042,2055,3.2094607369809376,2049.0,2045.0,2051.0,-0.0315952498233092,300.0,1999543754.0,walking,Enes
02:10:42,2048.5506666666665,2055.0,2042,2055,3.3875408320622333,2049.0,2046.0,2051.0,-0.2364008848164638,600.0,1999889668.0,walking,Enes
02:10:45,2048.8706666666667,2056.0,2038,2058,2.6930663233983343,2049.0,2047.0,2051.0,-0.5896634452780262,300.0,2001850096.0,walking,Enes
02:10:48,2048.8,2055.0,2042,2055,3.5998148100515768,2049.0,2046.0,2052.0,-0.11680471905764335,600.0,2001424302.0,walking,Enes
02:10:51,2048.55,2054.0,2043,2054,2.7233863723925285,2049.0,2045.0,2051.0,-0.2937857591094269,300.0,1999879483.0,walking,Enes
02:10:54,2048.6066666666666,2055.6666666666665,2039,2057,3.415838924123261,2049.0,2046.0,2051.0,-0.2744964889080261,600.0,2000234118.0,walking,Enes
02:10:57,2049.1046666666666,2054.3333333333335,2043,2055,2.7819138895531776,2050.0,2046.0,2051.0,-0.33027183482627326,300.0,2003289215.0,walking,Enes
02:11:00,2046.7106666666666,2053.6666666666665,2037,2054,3.971769490905645,2048.0,2044.0,2050.0,-0.5916329534337746,600.0,1988593196.0,walking,Enes
02:11:03,2046.6913333333334,2058.0,2037,2060,4.099275328911467,2047.0,2043.0,2050.0,0.05326744855134645,600.0,1988476031.0,walking,Enes
02:11:06,2046.5606666666667,2052.0,2040,2052,3.03836352151761,2047.0,2043.0,2049.0,-0.10849601426248642,300.0,1987662395.0,walking,Enes
02:11:09,2045.4326666666666,2050.0,2040,2050,2.728149474562484,2046.0,2043.0,2048.0,-0.5628684224886551,300.0,1980736059.0,walking,Enes
02:11:12,2047.0573333333334,2052.3333333333335,2039,2053,2.653182910308966,2048.0,2047.0,2049.0,-1.177164915283017,300.0,1990708852.0,walking,Enes
02:11:15,2046.4026666666666,2053.3333333333335,2039,2054,3.697818215590858,2047.0,2044.0,2050.0,-0.33891368696457386,600.0,1986699026.0,walking,Enes
02:11:18,2046.3793333333333,2053.0,2041,2053,3.397563767695252,2047.0,2043.0,2049.0,-0.04088990536987781,300.0,1986552583.0,walking,Enes
02:11:21,2046.9513333333334,2057.0,2036,2057,3.5019468236333284,2048.0,2044.0,2050.0,-0.3831285066330959,600.0,1990065741.0,walking,Enes
02:11:24,2046.6506666666667,2053.0,2040,2053,3.240262266477137,2047.0,2044.0,2049.0,-0.08287468568333996,300.0,1988216880.0,walking,Enes
02:11:27,2046.576,2053.3333333333335,2040,2054,3.6671820243887536,2047.0,2044.0,2050.0,-0.19777393546569935,300.0,1987762862.0,walking,Enes
02:11:30,2046.5833333333333,2053.6666666666665,2035,2054,2.976416562841222,2048.0,2044.0,2049.0,-0.32108738997590996,300.0,1987801003.0,walking,Enes
02:11:33,2046.3386666666668,2053.0,2039,2053,3.80192559398816,2046.0,2043.0,2050.0,-0.19576015508004377,600.0,1986307294.0,walking,Enes
02:11:36,2046.4073333333333,2052.3333333333335,2040,2053,2.9633448818672603,2047.0,2044.0,2048.0,-0.23591785442871668,300.0,1986720337.0,walking,Enes
02:11:39,2046.94,2054.0,2037,2054,3.422922727728454,2048.0,2044.0,2049.0,-0.3654176824551823,600.0,1989995324.0,walking,Enes
02:11:42,2046.7966666666666,2053.3333333333335,2040,2054,3.121643085869292,2048.0,2044.0,2049.0,-0.11277980126368158,300.0,1989112213.0,walking,Enes
02:11:45,2046.608,2053.0,2040,2053,3.230222283373081,2047.0,2045.0,2049.0,-0.5566194785995899,600.0,1987954814.0,walking,Enes
02:11:49,2046.726,2054.0,2037,2054,3.9663909708112906,2047.0,2044.0,2050.0,-0.04015227992543226,600.0,1988687281.0,walking,Enes
02:11:51,2046.6733333333334,2055.3333333333335,2037,2057,3.136657810827031,2047.0,2044.0,2049.0,0.0009734832535757825,300.0,1988355062.0,walking,Enes
02:11:55,2046.988,2052.6666666666665,2039,2054,2.6597974860253304,2048.0,2046.0,2049.0,-1.1133305410034637,300.0,1990283124.0,walking,Enes
02:11:58,2046.4513333333334,2054.0,2037,2055,3.3739637750805147,2047.0,2045.0,2049.0,-0.5983666119650687,600.0,1986994369.0,walking,Enes
02:12:01,2046.568,2053.0,2039,2053,3.8500271860512014,2046.0,2044.0,2050.0,-0.20482899623644246,600.0,1987715806.0,walking,Enes
02:12:04,2046.656,2054.0,2040,2054,4.156640951537671,2046.0,2044.0,2050.0,-0.005078782680258746,600.0,1988259794.0,walking,Enes
02:12:07,2046.6666666666667,2052.3333333333335,2040,2053,3.449959742116163,2047.0,2043.0,2050.0,0.00745030755754877,300.0,1988317224.0,walking,Enes
02:12:10,2046.5046666666667,2052.3333333333335,2039,2053,3.1741631268029615,2048.0,2043.0,2049.0,-0.5322553023572678,300.0,1987319843.0,walking,Enes
02:12:13,2046.906,2053.6666666666665,2040,2054,3.5726503700567545,2047.0,2045.0,2050.0,-0.35678767243326204,600.0,1989788109.0,walking,Enes
02:12:16,2046.8233333333333,2054.6666666666665,2036,2057,3.704608241396413,2047.0,2043.0,2050.0,-0.05824591910298729,600.0,1989281927.0,walking,Enes
02:12:19,2047.0046666666667,2052.0,2040,2052,2.972873731294725,2048.0,2046.0,2049.0,-0.8001412220102869,300.0,1990388119.0,walking,Enes
02:12:22,2046.936,2054.0,2041,2054,3.9936496257600433,2047.0,2044.0,2050.0,-0.06344991049406921,600.0,1989977110.0,walking,Enes
02:12:25,2046.7333333333333,2052.3333333333335,2041,2053,2.933863588436851,2048.0,2043.0,2049.0,-0.32841761052499263,300.0,1988721622.0,walking,Enes
02:12:28,2046.9093333333333,2054.3333333333335,2037,2055,3.709417684159544,2047.0,2044.0,2050.0,-0.22537397837769207,600.0,1989810072.0,walking,Enes
02:12:31,2046.5546666666667,2053.0,2040,2053,3.0837766167837484,2047.0,2044.0,2048.0,-0.26202538441561707,300.0,1987625974.0,walking,Enes
02:12:34,2046.7453333333333,2053.0,2040,2053,3.8538913090825773,2047.0,2044.0,2050.0,-0.14805871841621887,600.0,1988804672.0,walking,Enes
02:12:37,2047.006,2054.0,2034,2055,2.9670351082070687,2048.0,2045.0,2049.0,-0.6709290215311136,300.0,1990396255.0,walking,Enes
02:12:40,2046.7846666666667,2053.6666666666665,2040,2054,3.728757374187218,2047.0,2043.0,2050.0,-0.005624696978130448,600.0,1989044767.0,walking,Enes
02:12:43,2046.4933333333333,2051.0,2041,2051,2.6893534952144575,2048.0,2045.0,2048.0,-0.9383034741802667,300.0,1987245998.0,walking,Enes
02:12:46,2046.8086666666666,2056.0,2031,2058,3.876947883179356,2047.0,2044.0,2050.0,-0.18294289245817796,600.0,1989193827.0,walking,Enes
02:12:49,2047.0533333333333,2054.0,2039,2055,3.5038772175342494,2047.0,2044.0,2050.0,0.05078931466076069,300.0,1990692144.0,walking,Enes
02:12:52,2046.4106666666667,2052.0,2040,2052,2.721155310198634,2048.0,2045.0,2048.0,-0.856464663746894,300.0,1986738736.0,walking,Enes
02:22:03,2039.348,2046.0,2032,2046,4.111799606011947,2040.0,2035.0,2044.0,0.03899803532022363,300.0,1943468462.0,walking,Furkan
02:22:06,2039.6566666666668,2049.0,2028,2050,4.475725887744045,2040.0,2036.0,2044.0,0.06828397085607261,600.0,1945361729.0,walking,Furkan
02:22:09,2039.0913333333333,2046.3333333333333,2032,2047,4.322691085680565,2039.0,2035.0,2044.0,0.05079339902809507,600.0,1941900931.0,walking,Furkan
02:22:12,2040.0046666666667,2049.0,2029,2051,4.11735897012744,2040.0,2036.0,2044.0,0.06549171035572883,300.0,1947486693.0,walking,Furkan
02:22:15,2039.6273333333334,2045.6666666666667,2033,2046,3.4953950023169376,2040.0,2036.0,2043.0,-0.11458405914271402,300.0,1945170519.0,walking,Furkan
02:22:18,2039.692,2050.6666666666665,2020,2053,3.117445963177764,2041.0,2038.0,2042.0,-0.9212495533558878,300.0,1945562464.0,walking,Furkan
02:22:21,2039.3926666666666,2044.3333333333333,2033,2045,2.9919580359505193,2041.0,2038.0,2042.0,-0.9742252961342108,300.0,1943729805.0,walking,Furkan
02:22:24,2039.5213333333334,2048.3333333333335,2030,2049,3.1052984111389716,2041.0,2040.0,2041.0,-1.1340436891009456,300.0,1944518072.0,walking,Furkan
02:22:27,2039.4886666666666,2044.0,2033,2045,2.9335765808234076,2041.0,2040.0,2041.0,-1.2821141454633158,300.0,1944316645.0,walking,Furkan
02:22:30,2039.6266666666668,2048.6666666666665,2027,2050,3.361441489731584,2041.0,2039.0,2042.0,-0.9654624144444333,300.0,1945165062.0,walking,Furkan
02:22:33,2039.8453333333334,2047.6666666666667,2032,2048,3.9594711206871502,2040.0,2039.0,2043.0,-0.6202353255089462,600.0,1946509696.0,walking,Furkan
02:22:36,2039.744,2046.6666666666667,2028,2048,3.812409212033776,2040.0,2039.0,2043.0,-0.7082442952711532,600.0,1945887884.0,walking,Furkan
02:22:39,2039.662,2045.6666666666667,2032,2046,3.5387035290720052,2040.0,2039.0,2043.0,-0.9008083784675595,600.0,1945383099.0,walking,Furkan
02:22:42,2039.5413333333333,2046.6666666666667,2032,2047,3.2334127825290455,2041.0,2040.0,2042.0,-1.1197140403645056,300.0,1944641662.0,walking,Furkan
02:22:45,2039.884,2049.3333333333335,2029,2051,3.1234399839493205,2041.0,2039.0,2042.0,-0.7581869134411438,300.0,1946737438.0,walking,Furkan
02:22:48,2039.5713333333333,2048.0,2032,2048,3.9203203383850607,2040.0,2036.0,2043.0,0.010132988858612238,300.0,1944832593.0,walking,Furkan
02:22:51,2040.0346666666667,2049.0,2030,2050,5.060316019995414,2040.0,2036.0,2045.0,0.006139274984301048,600.0,1947683276.0,walking,Furkan
02:22:54,2039.666,2048.3333333333335,2032,2049,4.786903383190432,2039.0,2037.0,2044.0,-0.1858748347447975,600.0,1945423163.0,walking,Furkan
02:22:57,2039.5766666666666,2047.6666666666667,2030,2050,3.371269131285065,2040.0,2039.0,2042.0,-0.7919754471980666,300.0,1944859221.0,walking,Furkan
02:23:00,2039.9113333333332,2048.0,2032,2048,4.567800881046468,2040.0,2036.0,2044.0,-0.01831916633063495,600.0,1946921373.0,walking,Furkan
02:23:03,2040.2633333333333,2051.0,2027,2052,5.1193087641030415,2040.0,2036.0,2045.0,-0.0758680375796252,600.0,1949083719.0,walking,Furkan
02:23:06,2039.474,2045.0,2032,2045,3.4072458085673825,2040.0,2039.0,2042.0,-0.9606918687034132,600.0,1944231413.0,walking,Furkan
02:23:09,2039.618,2046.3333333333333,2033,2047,2.890687807425769,2041.0,2039.0,2042.0,-0.986064344253728,300.0,1945107617.0,walking,Furkan
02:23:12,2039.8173333333334,2049.6666666666665,2026,2051,3.1601634275601778,2041.0,2038.0,2042.0,-0.748680353844235,300.0,1946329814.0,walking,Furkan
02:23:15,2039.4686666666666,2045.3333333333333,2032,2047,3.1090756754308115,2041.0,2038.0,2042.0,-0.7324679397432444,300.0,1944195867.0,walking,Furkan
02:23:18,2039.8053333333332,2046.0,2030,2048,2.9569305406489046,2041.0,2040.0,2042.0,-1.1333417287306553,300.0,1946254516.0,walking,Furkan
02:23:21,2039.3926666666666,2045.0,2033,2045,2.8940996680986797,2041.0,2039.0,2041.0,-1.2377080777000244,300.0,1943728941.0,walking,Furkan
02:23:24,2039.5506666666668,2050.6666666666665,2027,2053,3.5074348968377955,2040.0,2036.0,2042.0,-0.18566866439015173,300.0,1944701540.0,walking,Furkan
02:23:27,2039.674,2048.3333333333335,2031,2049,4.978727146570697,2039.0,2036.0,2044.0,-0.023344374593692412,600.0,1945474925.0,walking,Furkan
02:23:31,2039.9726666666666,2048.0,2029,2049,3.6230630993983834,2041.0,2037.75,2043.0,-0.6789736152361922,300.0,1947285115.0,walking,Furkan
02:23:34,2039.7506666666666,2048.0,2031,2048,4.843741620781283,2039.0,2036.0,2044.0,-0.026612994172383234,600.0,1945942070.0,walking,Furkan
02:23:37,2039.4893333333334,2047.3333333333333,2032,2048,3.6200211171882533,2040.0,2036.0,2042.0,-0.382837166356813,601.0,1944327472.0,walking,Furkan
02:23:40,2039.7166666666667,2053.6666666666665,2019,2058,4.6600846439618335,2040.0,2037.0,2044.0,-0.1896602520359483,600.0,1945731399.0,walking,Furkan
02:23:43,2039.1646666666666,2049.6666666666665,2027,2053,3.8166588646208464,2040.0,2036.0,2041.0,-0.017767909021834623,300.0,1942343361.0,walking,Furkan
02:23:46,2039.626,2048.0,2031,2048,4.983117230542879,2039.0,2036.0,2044.0,-0.05993944849580035,600.0,1945181281.0,walking,Furkan
02:23:49,2039.1233333333332,2046.0,2032,2046,3.721306520863637,2040.0,2038.0,2042.0,-0.6886902348580313,600.0,1942089429.0,walking,Furkan
02:23:52,2039.122,2049.0,2029,2051,3.6701202523441476,2040.0,2035.0,2042.0,-0.2052312752961596,300.0,1942080705.0,walking,Furkan
02:23:55,2039.7393333333334,2051.3333333333335,2024,2053,4.982574925566989,2040.0,2035.0,2044.0,0.030841472453018926,600.0,1945874765.0,walking,Furkan
02:23:58,2039.3106666666667,2048.0,2031,2048,4.048475378323165,2040.0,2037.0,2043.0,-0.40399196370644885,600.0,1943239282.0,walking,Furkan
02:24:01,2039.0766666666666,2046.0,2031,2046,3.359184755595057,2040.0,2036.0,2041.0,-0.37237736451288544,300.0,1941800109.0,walking,Furkan
02:24:04,2039.7906666666668,2055.0,2024,2058,5.095505819401598,2039.0,2035.0,2045.0,0.04487767439996324,600.0,1946190596.0,walking,Furkan
02:24:07,2039.402,2047.0,2031,2047,4.195918175242856,2040.0,2037.0,2043.0,-0.48055255602326846,600.0,1943799889.0,walking,Furkan
02:24:10,2039.392,2046.3333333333333,2029,2047,3.639917947793146,2040.0,2035.0,2042.0,-0.1580304565081851,300.0,1943732172.0,walking,Furkan
02:24:13,2039.5153333333333,2048.0,2031,2048,5.025312417043232,2039.0,2036.0,2044.0,0.017525731412763874,600.0,1944504777.0,walking,Furkan
02:24:16,2039.5313333333334,2062.0,2019,2066,4.388433838575621,2040.0,2038.0,2043.0,-0.3308857932660026,600.0,1944593681.0,walking,Furkan
02:24:19,2039.494,2046.3333333333333,2032,2047,3.4701533107342675,2040.0,2036.0,2042.0,-0.46427190968802645,300.0,1944354431.0,walking,Furkan
02:24:22,2039.6306666666667,2050.3333333333335,2025,2055,4.935949036293719,2039.0,2035.0,2045.0,0.026775116257120767,600.0,1945209134.0,walking,Furkan
02:24:25,2039.4693333333332,2048.0,2031,2048,4.729734970258787,2039.0,2037.0,2044.0,-0.16285992163854512,600.0,1944219002.0,walking,Furkan
02:24:28,2039.1473333333333,2046.0,2031,2046,3.353648692924701,2040.0,2039.0,2041.0,-1.0058504614146075,300.0,1942232345.0,walking,Furkan
02:24:31,2039.4253333333334,2049.6666666666665,2027,2051,3.557399549608612,2040.0,2035.0,2042.0,-0.22709213008441675,300.0,1943935222.0,walking,Furkan
02:24:34,2039.7686666666666,2051.0,2027,2054,4.649639938270012,2040.0,2035.0,2044.0,0.039083645238031886,600.0,1946049453.0,walking,Furkan
02:24:37,2039.562,2048.0,2032,2048,4.8494146725833485,2039.0,2035.0,2044.0,0.04502810817653705,600.0,1944787707.0,walking,Furkan
02:24:40,2039.566,2048.0,2032,2048,5.126822667760869,2039.0,2036.0,2045.0,0.04658765169728343,600.0,1944816333.0,walking,Furkan
02:24:43,2039.7386666666666,2049.6666666666665,2028,2050,5.226570407276862,2039.0,2036.0,2045.0,0.0012962575318428537,300.0,1945874422.0,walking,Furkan
02:24:46,2039.3446666666666,2048.0,2030,2048,5.131134204269287,2039.0,2036.0,2044.0,-0.05131184036424173,600.0,1943462201.0,walking,Furkan
02:24:49,2039.9433333333334,2049.6666666666665,2028,2051,3.937358110318249,2040.0,2039.0,2042.0,-0.3605012977335079,600.0,1947109163.0,walking,Furkan
02:24:52,2039.3706666666667,2046.3333333333333,2032,2047,3.732729951240632,2040.0,2035.0,2043.0,-0.1217874294148281,300.0,1943602678.0,walking,Furkan
02:24:55,2039.6673333333333,2051.3333333333335,2026,2053,5.124776374524931,2039.0,2036.0,2045.0,0.012117615606196497,600.0,1945436345.0,walking,Furkan
02:24:58,2039.438,2047.6666666666667,2032,2048,3.6233717262608685,2040.0,2038.0,2042.0,-0.5826560487027217,300.0,1944013431.0,walking,Furkan
02:25:01,2039.766,2050.3333333333335,2025,2053,4.447536096911787,2040.0,2036.0,2044.0,0.05788903591101196,300.0,1946030377.0,walking,Furkan
02:25:04,2039.3933333333334,2048.6666666666665,2031,2050,4.0667704904779445,2040.0,2037.0,2042.0,-0.3680574287712898,600.0,1943745264.0,walking,Furkan
02:25:08,2039.4546666666668,2048.0,2029,2048,4.3691278560168305,2040.0,2035.0,2043.0,-0.012242871869498486,300.0,1944124344.0,walking,Furkan
02:25:10,2039.556,2048.6666666666665,2025,2050,3.9451485819083336,2040.0,2037.0,2043.0,-0.30899042095494733,300.0,1944739066.0,walking,Furkan
02:25:14,2039.264,2048.0,2031,2048,4.153509038552021,2040.0,2036.0,2042.0,-0.24899502399407028,601.0,1942955074.0,walking,Furkan
02:25:17,2039.6633333333334,2050.6666666666665,2028,2053,4.333511534797412,2040.0,2037.0,2043.0,-0.07637454722505103,600.0,1945400643.0,walking,Furkan
02:25:20,2039.4773333333333,2048.0,2031,2048,4.413179453510687,2039.0,2036.0,2043.0,-0.09457952735573316,600.0,1944263608.0,walking,Furkan
02:25:23,2038.7886666666666,2049.0,2025,2050,4.401818361642026,2039.0,2035.0,2042.0,-0.11740588958454919,300.0,1940050609.0,walking,Furkan
02:25:26,2038.598,2046.3333333333333,2029,2047,4.0838375743084265,2039.0,2034.0,2042.0,-0.31090826178897357,300.0,1938880429.0,walking,Furkan
02:25:29,2039.3106666666667,2050.6666666666665,2023,2052,4.2477624959762315,2040.0,2036.0,2043.0,-0.4907315404496993,300.0,1943241762.0,walking,Furkan
02:25:32,2039.4053333333334,2048.0,2032,2048,4.787870600683449,2039.0,2035.0,2044.0,-0.006600895268043827,600.0,1943828260.0,walking,Furkan
02:25:35,2039.582,2046.3333333333333,2032,2047,3.6087776323846836,2040.0,2036.0,2042.0,-0.3861810266979543,300.0,1944894341.0,walking,Furkan
02:25:38,2040.028,2052.3333333333335,2027,2055,5.10913065012043,2040.0,2036.0,2045.0,-0.022499890713426965,600.0,1947643220.0,walking,Furkan
02:25:41,2039.502,2046.0,2031,2046,3.8572005392512327,2040.0,2038.0,2043.0,-0.7470412909516909,600.0,1944407633.0,walking,Furkan
02:25:44,2040.2973333333334,2050.6666666666665,2027,2051,3.379091528141189,2041.0,2037.0,2043.0,-0.5140570631794751,300.0,1949269644.0,walking,Furkan
02:25:47,2039.8753333333334,2048.0,2032,2048,4.6604497160205,2040.0,2036.0,2044.0,0.04157584235897733,600.0,1946702347.0,walking,Furkan
02:25:50,2039.8073333333334,2054.0,2025,2055,5.048783307777121,2039.0,2037.0,2044.0,-0.1077914373350977,600.0,1946291875.0,walking,Furkan
02:25:53,2039.7173333333333,2046.6666666666667,2032,2048,3.483307751102232,2041.0,2037.0,2042.0,-0.5986807335161168,300.0,1945721104.0,walking,Furkan
02:25:56,2040.358,2052.0,2027,2054,5.0314182228605615,2040.0,2035.75,2045.0,0.02066107043972017,600.0,1949661829.0,walking,Furkan
02:25:59,2039.5193333333334,2046.6666666666667,2032,2047,3.6502455929552045,2040.0,2037.0,2042.0,-0.5136010234842197,601.0,1944511357.0,walking,Furkan
02:26:02,2039.7733333333333,2048.0,2031,2048,4.9237474436539586,2039.0,2036.0,2044.0,-0.0872394550939251,600.0,1946081946.0,walking,Furkan
02:26:05,2039.7946666666667,2048.6666666666665,2028,2050,3.4073212678322875,2040.0,2038.0,2042.0,-0.7112770268140085,300.0,1946193542.0,walking,Furkan
02:26:08,2039.5126666666667,2048.6666666666665,2030,2049,4.981750651684161,2039.0,2035.0,2044.0,0.038371313094581146,600.0,1944487807.0,walking,Furkan
02:26:11,2039.652,2051.6666666666665,2025,2056,4.809459013236312,2039.0,2037.0,2044.0,-0.14300778105746084,600.0,1945337822.0,walking,Furkan
02:26:14,2039.2886666666666,2046.0,2032,2048,3.2228359492154666,2040.0,2039.0,2041.0,-1.0571092731818108,300.0,1943095683.0,walking,Furkan
02:26:17,2039.4606666666666,2050.0,2026,2053,3.784589747324742,2040.0,2035.0,2043.0,-0.15709453995659264,300.0,1944153905.0,walking,Furkan
02:26:20,2039.706,2049.0,2031,2049,5.195597238688413,2039.0,2036.0,2045.0,-0.023127627550794103,600.0,1945674045.0,walking,Furkan
02:26:23,2039.208,2048.3333333333335,2028,2049,3.688279092838104,2040.0,2037.75,2042.0,-0.7271125161800465,300.0,1942607010.0,walking,Furkan
02:26:26,2039.5326666666667,2048.0,2031,2048,4.755445954084877,2039.0,2035.0,2044.0,0.06732259370032148,600.0,1944606873.0,walking,Furkan
02:26:29,2039.464,2048.0,2026,2048,4.541442942501865,2040.0,2037.0,2043.0,-0.24740573943240626,600.0,1944183752.0,walking,Furkan
02:26:32,2039.3826666666666,2049.0,2025,2051,3.9421102076031427,2040.0,2035.0,2042.0,-0.1683534990941109,300.0,1943678506.0,walking,Furkan
02:26:35,2040.1046666666666,2052.0,2025,2055,5.3473088143060865,2040.0,2036.0,2045.0,-0.0298425319040678,600.0,1948116171.0,walking,Furkan
02:26:38,2039.402,2048.6666666666665,2029,2051,3.5646967145420194,2040.0,2039.0,2042.0,-0.7179241086923006,300.0,1943792541.0,walking,Furkan
02:26:41,2039.5513333333333,2048.6666666666665,2032,2049,4.4153555789866905,2040.0,2035.0,2044.0,0.04547466072842858,300.0,1944716409.0,walking,Furkan
02:26:45,2039.8073333333334,2050.6666666666665,2023,2052,4.793003187517775,2040.0,2037.0,2044.0,-0.25490349345394875,600.0,1946288099.0,walking,Furkan
02:26:47,2039.426,2045.0,2032,2045,3.4131887339163263,2041.0,2036.0,2042.0,-0.563834097492357,300.0,1943937793.0,walking,Furkan
02:26:51,2040.0806666666667,2051.0,2028,2052,5.07301615302858,2040.0,2036.0,2045.0,0.05591562659251853,300.0,1947964997.0,walking,Furkan
02:26:54,2039.474,2047.6666666666667,2031,2048,3.9213931197981156,2040.0,2038.0,2042.0,-0.554009222603134,600.0,1944237065.0,walking,Furkan
02:26:57,2039.7553333333333,2059.0,2017,2065,4.1073273819142075,2040.0,2036.0,2043.0,-0.03837918483586977,300.0,1945960739.0,walking,Furkan
02:27:00,2039.5646666666667,2048.0,2031,2048,4.857072323484132,2039.0,2036.0,2044.0,-0.09888635540776931,600.0,1944804135.0,walking,Furkan
02:27:03,2039.8866666666668,2053.0,2029,2055,3.917884916919105,2041.0,2036.0,2043.0,-0.1420203400258496,300.0,1946762148.0,walking,Furkan
02:27:06,2039.6626666666666,2048.6666666666665,2031,2049,4.840751273189822,2040.0,2036.0,2044.0,-0.10562102952808378,600.0,1945403544.0,walking,Furkan
02:27:09,2039.532,2051.0,2026,2055,3.8796446572678103,2040.0,2036.0,2042.0,-0.20900736753747734,300.0,1944591450.0,walking,Furkan
02:27:12,2039.896,2048.3333333333335,2029,2049,5.181619823954668,2040.0,2036.0,2045.0,-0.056654697079621424,600.0,1946836514.0,walking,Furkan
02:27:15,2039.4833333333333,2048.0,2023,2051,3.3833497536547354,2040.0,2038.0,2042.0,-0.8146734855888139,300.0,1944288275.0,walking,Furkan
02:27:18,2039.5113333333334,2048.0,2032,2048,4.64247113315982,2040.0,2035.0,2044.0,0.06372410975146436,600.0,1944474751.0,walking,Furkan
02:27:21,2039.9446666666668,2053.6666666666665,2020,2055,5.306499620486392,2039.0,2036.0,2045.0,-0.06593778902691246,600.0,1947136307.0,walking,Furkan
02:27:24,2039.5806666666667,2047.0,2031,2047,4.426830268061135,2040.0,2037.0,2044.0,-0.4325994391967188,600.0,1944896043.0,walking,Furkan
02:27:27,2039.5453333333332,2049.0,2023,2051,3.1654296531259214,2041.0,2039.0,2042.0,-1.0355653544011407,300.0,1944665484.0,walking,Furkan
02:27:30,2039.2546666666667,2045.0,2032,2045,3.320714514812872,2040.0,2036.0,2042.0,-0.4027141959521204,300.0,1942888638.0,walking,Furkan
02:27:33,2039.5533333333333,2051.3333333333335,2025,2056,4.5124075860035315,2040.0,2035.0,2044.0,0.06960417427907734,600.0,1944729946.0,walking,Furkan
02:27:36,2039.534,2047.3333333333333,2033,2048,4.265775896598414,2040.0,2035.0,2044.0,0.020900620232690667,300.0,1944608405.0,walking,Furkan
02:27:39,2039.3573333333334,2049.6666666666665,2028,2051,3.6233013798039058,2040.0,2036.0,2042.25,-0.16039925029470525,300.0,1943519896.0,walking,Furkan
02:27:42,2039.2113333333334,2043.3333333333333,2032,2044,3.0302923217992612,2040.0,2039.0,2041.0,-1.1808994266602932,300.0,1942620771.0,walking,Furkan
02:27:45,2039.222,2053.3333333333335,2019,2056,3.264462589768797,2040.0,2040.0,2041.0,-1.1456191088869576,300.0,1942688237.0,walking,Furkan
02:27:48,2039.4506666666666,2044.0,2032,2044,3.1699999298983514,2041.0,2040.0,2041.0,-1.2777574076980174,300.0,1944086310.0,walking,Furkan
02:27:51,2039.632,2048.3333333333335,2023,2050,3.408896595674325,2040.0,2037.0,2042.0,-0.520154247061419,300.0,1945198178.0,walking,Furkan
02:27:54,2039.6853333333333,2048.3333333333335,2031,2049,4.9704109376276815,2039.0,2036.0,2044.25,0.07897781308892932,600.0,1945544150.0,walking,Furkan
02:27:57,2039.448,2048.0,2027,2048,4.647217375304638,2039.0,2037.0,2043.0,-0.24327178071153358,600.0,1944087316.0,walking,Furkan
02:28:00,2039.7633333333333,2052.0,2026,2053,3.471885494783618,2041.0,2036.0,2042.0,-0.4706582086876756,300.0,1946002469.0,walking,Furkan
02:28:03,2040.2166666666667,2051.0,2022,2054,4.77455640755127,2040.0,2036.0,2045.0,0.04984115013567835,600.0,1948792969.0,walking,Furkan
02:34:46,2042.2693333333334,2050.0,2035,2050,4.414007199309439,2042.5,2038.0,2047.0,0.025059967165745243,300.0,1961357974.0,running,Enes
02:34:49,2041.484,2049.3333333333335,2033,2051,3.4102410471988636,2042.0,2040.0,2044.0,-0.7491577311676504,300.0,1956535532.0,running,Enes
02:34:52,2040.4126666666666,2049.0,2030,2050,3.903806632278579,2041.0,2039.0,2044.0,-0.7447676841628176,600.0,1949981339.0,running,Enes
02:34:55,2040.2,2047.3333333333333,2032,2048,4.3093696368107794,2040.0,2039.0,2044.0,-0.5062536524338381,600.0,1948684620.0,running,Enes
02:34:58,2040.454,2049.6666666666665,2031,2052,4.4486571756729765,2040.0,2039.0,2044.0,-0.3765764287979224,600.0,1950241179.0,running,Enes
02:35:01,2040.5906666666667,2048.6666666666665,2032,2050,3.958001965077273,2041.0,2039.0,2044.0,-0.7220552568157992,600.0,1951071606.0,running,Enes
02:35:05,2040.1626666666666,2045.0,2033,2045,3.5316010848087336,2041.0,2040.0,2043.0,-1.036625023592979,600.0,1948446972.0,running,Enes
02:35:08,2040.2786666666666,2047.0,2032,2048,3.3163752635805386,2041.0,2040.0,2042.0,-1.1506512684645465,300.0,1949154758.0,running,Enes
02:35:11,2040.2746666666667,2047.0,2031,2048,3.176249080633039,2041.0,2040.0,2042.0,-1.146401385314152,300.0,1949128910.0,running,Enes
02:35:14,2040.116,2047.0,2034,2048,3.091258212012276,2041.0,2040.0,2042.0,-1.1655847734202367,300.0,1948156978.0,running,Enes
02:35:17,2040.1886666666667,2047.0,2031,2048,3.249985367488428,2041.0,2040.0,2042.0,-1.189605365586397,300.0,1948603241.0,running,Enes
02:35:20,2039.9693333333332,2047.3333333333333,2032,2048,3.4676206379719354,2041.0,2040.0,2042.0,-0.9766970814372256,300.0,1947263062.0,running,Enes
02:35:23,2040.526,2049.0,2032,2049,5.045525146107191,2040.0,2037.0,2045.0,-0.1299164234046625,300.0,1950690425.0,running,Enes
02:35:26,2040.6586666666667,2052.0,2026,2053,5.033039991452041,2040.0,2036.0,2046.0,0.012783950564706308,600.0,1951502392.0,running,Enes
02:35:29,2040.0886666666668,2050.0,2030,2051,3.4986861661041977,2041.0,2038.0,2042.0,-0.6095277792708927,300.0,1947993717.0,running,Enes
02:35:32,2040.37,2049.3333333333335,2032,2050,4.968141839091687,2040.0,2037.0,2045.0,-0.1297129163937593,600.0,1949734333.0,running,Enes
02:35:35,2040.4033333333334,2048.0,2032,2048,3.7152822533721745,2042.0,2036.0,2043.0,-0.3166785197434655,300.0,1949922053.0,running,Enes
02:35:38,2040.2753333333333,2049.0,2032,2049,4.379595668805766,2040.0,2038.0,2044.0,-0.35265922835538366,600.0,1949146629.0,running,Enes
02:35:41,2040.4,2052.3333333333335,2029,2053,4.985980344927164,2040.0,2036.0,2045.0,0.05160083965964881,600.0,1949918234.0,running,Enes
02:35:44,2039.9606666666666,2046.0,2032,2046,3.410442721342136,2041.0,2037.0,2043.0,-0.48984469634331257,300.0,1947209433.0,running,Enes
02:35:47,2039.8226666666667,2047.0,2032,2047,3.8606415126101634,2041.0,2039.0,2043.0,-0.7565115654068089,600.0,1946369828.0,running,Enes
02:35:50,2040.436,2048.3333333333335,2031,2049,4.833277424964003,2040.0,2038.0,2045.0,-0.2852098557619924,600.0,1950136350.0,running,Enes
02:35:53,2040.1073333333334,2048.0,2031,2048,4.8672866728348305,2040.0,2038.0,2045.0,-0.26320935288982594,600.0,1948125137.0,running,Enes
02:35:56,2040.024,2048.0,2029,2048,3.912811095193156,2041.0,2039.0,2043.0,-0.6065276948317416,601.0,1947602550.0,running,Enes
02:35:59,2040.3993333333333,2047.6666666666667,2033,2049,3.1389806554924093,2042.0,2040.0,2043.0,-0.9813598085889501,300.0,1949891643.0,running,Enes
02:36:02,2040.1046666666666,2048.0,2034,2048,3.798997002133882,2041.0,2036.0,2043.0,-0.14605976331300996,300.0,1948094929.0,running,Enes
02:36:05,2040.4466666666667,2050.0,2030,2051,4.996847895312493,2040.0,2037.0,2045.0,-0.13128993452711407,600.0,1950204056.0,running,Enes
02:36:08,2040.5886666666668,2047.3333333333333,2032,2048,3.892660387047512,2042.0,2039.0,2044.0,-0.7708296985055928,600.0,1951058593.0,running,Enes
02:36:11,2040.0793333333334,2046.0,2033,2046,3.621009006095155,2041.0,2036.0,2043.0,-0.26483542515295344,300.0,1947937901.0,running,Enes
02:36:14,2040.428,2050.0,2030,2051,4.553476620488277,2041.0,2036.0,2045.0,0.014690322037778817,300.0,1950083440.0,running,Enes
02:36:17,2040.2953333333332,2048.0,2032,2048,4.878809098768081,2040.0,2036.0,2045.0,0.01281600312008608,600.0,1949275979.0,running,Enes
02:36:20,2040.4926666666668,2050.3333333333335,2031,2051,5.0858574716779295,2040.0,2036.0,2046.0,0.05557726497936605,600.0,1950486987.0,running,Enes
02:36:23,2040.1933333333334,2048.0,2033,2048,4.700066193387304,2040.0,2036.0,2045.0,0.031451683201687446,600.0,1948649096.0,running,Enes
02:36:26,2040.0113333333334,2048.3333333333335,2032,2049,4.195617343000776,2040.0,2036.0,2044.0,-0.005513098056058673,300.0,1947528469.0,running,Enes
02:36:29,2040.144,2047.3333333333333,2030,2049,3.537314989272702,2041.0,2037.0,2043.0,-0.3659300225155255,300.0,1948332784.0,running,Enes
02:36:32,2039.95,2046.6666666666667,2033,2048,3.370187927499989,2041.0,2040.0,2042.0,-1.0287099803439523,300.0,1947143745.0,running,Enes
02:36:35,2040.4513333333334,2049.6666666666665,2030,2051,4.792316582011483,2040.0,2037.75,2045.0,-0.24016487677937004,600.0,1950229619.0,running,Enes
02:36:38,2040.526,2049.6666666666665,2030,2050,4.971115636018404,2040.0,2036.0,2045.0,0.003980158103905566,600.0,1950689307.0,running,Enes
02:36:42,2040.0553333333332,2047.0,2034,2047,3.69580007876809,2041.0,2036.0,2043.0,-0.27163289105105376,300.0,1947791837.0,running,Enes
02:36:45,2040.148,2049.0,2029,2052,3.679958695420371,2041.0,2040.0,2043.0,-0.8915924239517034,600.0,1948358810.0,running,Enes
02:36:48,2039.858,2047.3333333333333,2029,2048,3.8161720785799655,2040.0,2039.0,2043.0,-0.8600763791935637,600.0,1946585539.0,running,Enes
02:36:51,2039.9906666666666,2046.3333333333333,2032,2047,4.028057375736127,2040.0,2039.0,2044.0,-0.6883357659728498,600.0,1947399922.0,running,Enes
02:36:54,2040.0993333333333,2047.3333333333333,2031,2048,4.085927012999076,2040.0,2039.0,2044.0,-0.6331965059896411,600.0,1948065681.0,running,Enes
02:36:57,2039.9493333333332,2046.0,2032,2046,3.8522849784972495,2040.0,2039.0,2043.0,-0.8162364021605093,600.0,1947144888.0,running,Enes
02:37:00,2040.2273333333333,2046.0,2032,2046,3.4191109305717995,2041.0,2040.0,2042.0,-1.107447091835519,300.0,1948841597.0,running,Enes
02:37:03,2039.828,2044.6666666666667,2033,2045,3.218449316052686,2041.0,2038.0,2042.0,-0.9797208216905886,300.0,1946395646.0,running,Enes
02:37:06,2040.0433333333333,2047.0,2032,2047,4.05085861954667,2040.0,2036.0,2044.0,-0.10960908528153224,300.0,1947722521.0,running,Enes
02:37:09,2040.4533333333334,2050.3333333333335,2029,2051,5.277987832077255,2040.0,2036.0,2046.0,-0.002323089784447471,600.0,1950249198.0,running,Enes
02:37:12,2039.93,2048.0,2032,2048,3.9521850496486963,2041.0,2038.0,2043.0,-0.56329599990295,600.0,1947027741.0,running,Enes
02:37:15,2040.4446666666668,2048.3333333333335,2032,2049,4.156473451804493,2041.0,2036.0,2044.0,-0.06675827947123451,300.0,1950180275.0,running,Enes
02:40:42,2040.0013333333334,2062.0,2007,2067,4.606951076603942,2040.0,2038.0,2043.0,-0.7232262826436725,600.0,1947472700.0,running,Furkan
02:40:45,2039.6146666666666,2046.0,2031,2046,4.020221994976009,2040.0,2039.0,2043.0,-0.6890687040105482,600.0,1945098930.0,running,Furkan
02:40:48,2039.8486666666668,2061.3333333333335,2009,2063,4.433407067056016,2040.0,2039.0,2043.0,-0.9357050789924176,600.0,1946536061.0,running,Furkan
02:40:51,2039.7606666666666,2058.6666666666665,2008,2061,4.263103668559902,2040.0,2039.0,2043.0,-0.9460333999819632,600.0,1945995331.0,running,Furkan
02:40:54,2039.5226666666667,2064.6666666666665,2008,2071,3.9319400922304104,2041.0,2039.0,2042.0,-0.957183281423073,300.0,1944534956.0,running,Furkan
02:40:57,2039.9286666666667,2058.6666666666665,2009,2063,4.057369207859804,2041.0,2037.0,2043.0,-0.6076655269316867,300.0,1947020845.0,running,Furkan
02:41:00,2039.962,2053.0,2028,2054,5.285125920921846,2039.0,2036.0,2045.0,0.029983431111246843,600.0,1947242045.0,running,Furkan
02:41:03,2039.73,2059.3333333333335,2016,2063,4.527519556372268,2040.0,2037.0,2043.0,-0.3233653421851935,600.0,1945811161.0,running,Furkan
02:41:06,2039.7133333333334,2064.3333333333335,2014,2069,4.298893914588832,2040.0,2035.0,2043.0,-0.15212773619769063,300.0,1945706148.0,running,Furkan
02:41:09,2039.8826666666666,2068.6666666666665,2001,2074,5.692413040374198,2040.0,2036.0,2044.0,-0.38523142163835383,300.0,1946763250.0,running,Furkan
02:41:12,2039.6073333333334,2059.3333333333335,2022,2062,4.296178094798006,2040.0,2036.0,2042.0,-0.04658043450112793,300.0,1945057501.0,running,Furkan
02:41:15,2039.6986666666667,2048.0,2030,2048,4.497539870739212,2040.0,2037.0,2043.0,-0.234743987420033,600.0,1945619022.0,running,Furkan
02:41:18,2039.8,2059.0,2009,2060,5.107249749131131,2040.0,2036.0,2044.0,-0.34251955755552527,600.0,1946247890.0,running,Furkan
02:41:21,2039.682,2057.6666666666665,2017,2059,4.281846486427711,2041.0,2036.0,2043.0,-0.4088313532434108,300.0,1945514197.0,running,Furkan
02:41:24,2039.7446666666667,2060.6666666666665,2011,2065,5.094912974941007,2040.0,2036.0,2044.0,-0.37883603150865086,600.0,1945909099.0,running,Furkan
02:41:27,2039.636,2057.0,2022,2059,4.399337525885763,2040.0,2035.0,2043.0,-0.045158179410915905,300.0,1945234254.0,running,Furkan
02:41:30,2039.778,2049.0,2031,2049,4.723351493731261,2040.0,2037.0,2044.0,-0.1932142052161346,600.0,1946107603.0,running,Furkan
02:41:33,2039.59,2056.3333333333335,2015,2057,4.2438072529274935,2040.0,2035.0,2043.0,-0.2863894561573928,300.0,1944950771.0,running,Furkan
02:41:36,2039.8273333333334,2055.3333333333335,2021,2057,5.102435975971564,2040.0,2036.0,2044.0,-0.14553820192362493,600.0,1946415081.0,running,Furkan
02:41:39,2039.4886666666666,2057.3333333333335,2018,2059,4.184798468531336,2040.0,2036.0,2042.0,-0.3204604368044795,300.0,1944330005.0,running,Furkan
02:41:42,2039.802,2057.0,2011,2059,5.103998040751975,2040.0,2036.0,2044.0,-0.5312451756954841,600.0,1946260079.0,running,Furkan
02:41:46,2039.636,2052.3333333333335,2016,2055,4.060973282354859,2040.0,2036.0,2043.0,-0.24385052084625736,300.0,1945229960.0,running,Furkan
02:41:49,2039.724,2056.6666666666665,2018,2061,4.935567241969254,2040.0,2037.0,2044.0,-0.30119917563035203,600.0,1945780238.0,running,Furkan
02:41:52,2039.5966666666666,2067.3333333333335,2009,2076,4.082563192679596,2041.0,2037.0,2042.0,-0.24434070483033254,300.0,1944989549.0,running,Furkan
02:41:55,2039.8073333333334,2067.0,2006,2074,5.652687816919979,2040.0,2035.0,2045.0,-0.2133585674406379,600.0,1946301569.0,running,Furkan
02:41:58,2039.8273333333334,2057.6666666666665,2013,2058,4.55208958123141,2040.0,2038.0,2043.0,-0.6577786761102417,600.0,1946407111.0,running,Furkan
02:42:01,2039.4606666666666,2052.3333333333335,2021,2056,3.932147787434015,2040.0,2035.0,2042.0,-0.266148131932698,300.0,1944155613.0,running,Furkan
02:42:04,2040.1,2059.3333333333335,2016,2061,5.433783212458885,2040.0,2036.0,2045.0,-0.09089374476525167,600.0,1948089008.0,running,Furkan
02:42:07,2039.5566666666666,2061.3333333333335,2015,2066,4.5669963384653105,2040.0,2038.0,2043.0,-0.5579892670397503,600.0,1944751085.0,running,Furkan
02:42:10,2039.4926666666668,2072.0,2010,2075,4.288350058265093,2041.0,2036.0,2042.0,-0.08205740257207737,300.0,1944355795.0,running,Furkan
02:42:13,2039.726,2054.3333333333335,2025,2056,5.0171961625327475,2040.0,2035.0,2044.0,0.014966380538310863,600.0,1945793695.0,running,Furkan
02:42:16,2039.6546666666666,2051.0,2030,2054,5.199558784700443,2039.0,2036.0,2045.0,-0.05226825494457655,300.0,1945359996.0,running,Furkan
02:42:19,2039.6793333333333,2059.6666666666665,2014,2063,4.258697714351445,2040.0,2039.0,2043.0,-0.533680689628773,600.0,1945497583.0,running,Furkan
02:42:22,2039.5186666666666,2055.0,2018,2055,3.9414445180528537,2041.0,2035.0,2042.0,-0.43888903562216497,300.0,1944510594.0,running,Furkan
02:42:25,2039.936,2071.3333333333335,2007,2075,5.53485055504362,2040.0,2035.0,2045.0,-0.12794400533460848,600.0,1947086982.0,running,Furkan
02:42:28,2039.8953333333334,2064.6666666666665,2010,2068,5.590263400671644,2040.0,2036.0,2045.0,-0.09540092685183196,600.0,1946839037.0,running,Furkan
02:42:31,2039.1486666666667,2046.0,2031,2046,3.5896004729712687,2040.0,2038.0,2042.0,-0.8798905821173657,300.0,1942242959.0,running,Furkan
02:42:34,2039.7506666666666,2066.3333333333335,2008,2071,5.093836100840134,2040.0,2036.0,2044.0,-0.1494231763373284,300.0,1945945798.0,running,Furkan
02:42:37,2039.728,2057.6666666666665,2014,2060,5.269726368607767,2039.0,2036.0,2044.0,-0.20070702411524488,600.0,1945809830.0,running,Furkan
02:42:40,2039.1206666666667,2053.0,2024,2056,3.6088002931106558,2040.0,2036.0,2042.0,-0.5430664374490953,300.0,1942071879.0,running,Furkan
02:42:43,2039.944,2065.3333333333335,2015,2071,5.3733475599480816,2040.0,2035.0,2045.0,0.04016152378338097,600.0,1947133298.0,running,Furkan
02:42:46,2039.5466666666666,2056.3333333333335,2020,2059,4.046375607325098,2040.0,2037.0,2042.0,-0.41823194745407744,300.0,1944683172.0,running,Furkan
02:42:49,2039.572,2058.0,2015,2059,5.183771085480788,2039.0,2035.0,2044.0,-0.048921952857448124,600.0,1944853926.0,running,Furkan
02:42:52,2039.7586666666666,2053.0,2024,2054,4.102733831104437,2041.0,2036.0,2043.0,-0.3394288352078484,300.0,1945981080.0,running,Furkan
02:42:55,2039.3393333333333,2048.0,2031,2048,4.300719268008809,2040.0,2036.0,2043.0,-0.2641568221136155,300.0,1943417823.0,running,Furkan
02:42:58,2039.7333333333333,2062.3333333333335,2014,2067,5.017657709418698,2040.0,2036.0,2044.0,-0.17220266733407946,600.0,1945838576.0,running,Furkan
02:43:01,2039.7533333333333,2058.0,2012,2061,4.934283692245062,2040.0,2036.0,2043.0,-0.15637942680233283,300.0,1945959716.0,running,Furkan
02:43:04,2039.2466666666667,2049.6666666666665,2025,2053,3.8721857163909665,2040.0,2036.0,2042.0,-0.4739288381342112,300.0,1942845646.0,running,Furkan
02:43:07,2039.696,2063.6666666666665,2015,2068,5.118162170154439,2040.0,2036.0,2044.0,-0.11004084149660083,601.0,1945611656.0,running,Furkan
02:43:10,2039.432,2060.3333333333335,2011,2065,4.627747040047313,2040.0,2035.0,2043.0,-0.19453331118939612,300.0,1943989152.0,running,Furkan
02:55:33,2039.6666666666667,2048.0,2032,2048,4.718851084274174,2040.0,2036.0,2045.0,-0.015576542915331126,601.0,1945426272.0,waiting,Yusuf
02:55:36,2039.6173333333334,2048.0,2032,2048,4.911235372988031,2039.0,2037.0,2044.0,-0.14111585422663725,600.0,1945127184.0,waiting,Yusuf
02:55:39,2038.9786666666666,2045.3333333333333,2031,2046,3.983408702215841,2039.0,2038.0,2043.0,-0.5585116750799725,600.0,1941207510.0,waiting,Yusuf
02:55:42,2039.2326666666668,2048.0,2031,2048,3.974401366523293,2040.0,2035.0,2042.0,-0.09610589989456417,300.0,1942761201.0,waiting,Yusuf
02:55:45,2039.2273333333333,2047.6666666666667,2031,2048,4.536774135391308,2039.0,2037.0,2043.0,-0.22092681580523427,600.0,1942735753.0,waiting,Yusuf
02:55:48,2039.1073333333334,2048.0,2031,2048,4.025064747581363,2040.0,2035.0,2042.0,-0.15737721225096746,300.0,1941995081.0,waiting,Yusuf
02:55:51,2039.1473333333333,2046.3333333333333,2031,2047,3.7505945602738184,2040.0,2038.0,2042.0,-0.5042026580365393,300.0,1942236575.0,waiting,Yusuf
02:55:54,2039.248,2048.0,2031,2048,4.412689580441087,2039.0,2035.0,2043.0,-0.040248692959135,300.0,1942860520.0,waiting,Yusuf
02:55:57,2039.0193333333334,2046.3333333333333,2032,2047,3.579240080737189,2040.0,2037.0,2042.0,-0.48519108877215417,300.0,1941451683.0,waiting,Yusuf
02:56:00,2039.1466666666668,2048.0,2031,2048,4.507011821102265,2039.0,2035.0,2044.0,-0.028424143599083327,300.0,1942241866.0,waiting,Yusuf
02:56:03,2038.8373333333334,2047.0,2031,2047,4.45782527946332,2039.0,2037.0,2043.0,-0.25553152224998427,601.0,1940349020.0,waiting,Yusuf
02:56:06,2038.488,2045.3333333333333,2031,2046,3.536361972423072,2040.0,2035.0,2041.0,-0.43289285101477953,300.0,1938201452.0,waiting,Yusuf
02:56:09,2038.808,2048.0,2030,2048,5.160278028685405,2039.0,2035.0,2044.0,-0.025201339666580027,600.0,1940179738.0,waiting,Yusuf
02:56:12,2038.674,2047.0,2030,2047,4.894730908504233,2038.0,2036.0,2044.0,-0.24879405622150713,600.0,1939356159.0,waiting,Yusuf
02:56:15,2038.7506666666666,2045.3333333333333,2031,2046,3.3357407306657127,2040.0,2038.0,2041.0,-0.895826889716875,300.0,1939805816.0,waiting,Yusuf
02:56:18,2039.0126666666667,2045.6666666666667,2032,2046,3.63251605487008,2040.0,2035.0,2042.0,-0.15014604810313328,300.0,1941411479.0,waiting,Yusuf
02:56:21,2039.248,2048.0,2031,2048,5.007843448032296,2039.0,2035.0,2044.0,-0.05135517183447243,600.0,1942868930.0,waiting,Yusuf
02:56:24,2039.0466666666666,2046.0,2031,2046,3.6579350580469425,2040.0,2037.0,2042.0,-0.5681219015810701,300.0,1941619738.0,waiting,Yusuf
02:56:27,2039.0633333333333,2048.0,2031,2048,4.698722048481788,2039.0,2035.0,2044.0,-0.08243566607037821,600.0,1941734737.0,waiting,Yusuf
02:56:30,2039.11,2047.0,2031,2047,3.856150930656112,2040.0,2035.0,2042.0,-0.32351257020550095,300.0,1942009397.0,waiting,Yusuf
02:56:33,2038.97,2047.6666666666667,2031,2048,4.018262476908812,2040.0,2036.0,2042.0,-0.2985297893486315,601.0,1941154915.0,waiting,Yusuf
02:56:36,2038.9093333333333,2048.0,2031,2048,4.446097114948745,2039.0,2036.0,2042.0,-0.1413717210873226,300.0,1940789260.0,waiting,Yusuf
02:56:40,2038.896,2048.0,2031,2048,4.495017686283337,2039.0,2035.0,2043.0,-0.16245789123385812,600.0,1940708360.0,waiting,Yusuf
02:56:43,2038.9326666666666,2047.3333333333333,2030,2048,4.472747055470745,2039.0,2035.0,2043.0,-0.10100564910035281,300.0,1940932341.0,waiting,Yusuf
02:56:46,2038.694,2045.0,2031,2045,3.629375152832785,2040.0,2035.0,2042.0,-0.47685281150078934,300.0,1939462301.0,waiting,Yusuf
02:56:49,2038.9286666666667,2047.6666666666667,2031,2048,4.879300997296869,2039.0,2035.0,2044.0,-0.12134660773096657,600.0,1940913577.0,waiting,Yusuf
02:56:52,2038.7033333333334,2046.6666666666667,2031,2047,3.772442474342349,2040.0,2035.0,2041.0,-0.30004892447688586,300.0,1939520973.0,waiting,Yusuf
02:56:55,2039.344,2047.6666666666667,2031,2048,4.23339863466695,2040.0,2036.0,2043.0,-0.29777249838408293,600.0,1943445512.0,waiting,Yusuf
02:56:58,2039.336,2048.0,2031,2048,4.5469884539110055,2039.0,2035.0,2044.0,-0.1556698444708371,600.0,1943400698.0,waiting,Yusuf
02:57:01,2039.228,2048.0,2031,2048,4.342965499901345,2040.0,2035.0,2043.0,-0.1339574421906838,300.0,1942737250.0,waiting,Yusuf
02:57:04,2038.9846666666667,2046.0,2031,2046,3.9028747809218216,2040.0,2035.0,2042.0,-0.3494456263829697,300.0,1941243259.0,waiting,Yusuf
02:57:07,2038.8626666666667,2048.0,2030,2048,4.419781995629297,2039.0,2036.0,2042.25,-0.2271365446748984,600.0,1940503466.0,waiting,Yusuf
02:57:10,2039.0766666666666,2048.0,2031,2048,4.5482731765900875,2039.0,2035.0,2043.0,-0.11561102890715161,300.0,1941814213.0,waiting,Yusuf
02:57:13,2038.5793333333334,2047.0,2031,2047,3.9303570095122686,2039.0,2035.0,2042.0,-0.29691542330294424,300.0,1938764423.0,waiting,Yusuf
02:57:16,2038.5206666666666,2047.3333333333333,2030,2048,4.244397038711414,2039.0,2036.0,2042.0,-0.2955669979520591,600.0,1938409489.0,waiting,Yusuf
02:57:19,2038.6726666666666,2048.0,2031,2048,4.659633700434211,2039.0,2034.0,2043.0,-0.0060777757177889555,300.0,1939344635.0,waiting,Yusuf
02:57:22,2038.7166666666667,2047.3333333333333,2031,2048,4.223472768021859,2039.0,2036.0,2042.0,-0.35481206461419923,600.0,1939607931.0,waiting,Yusuf
02:57:25,2039.0966666666666,2048.0,2031,2048,4.703260098650249,2039.0,2035.0,2044.0,-0.028328042085946574,300.0,1941938709.0,waiting,Yusuf
02:57:28,2038.932,2047.0,2031,2047,3.824923877238169,2040.0,2036.0,2042.0,-0.4865572009618678,300.0,1940920200.0,waiting,Yusuf
02:57:31,2039.4506666666666,2048.3333333333335,2031,2049,5.0179244934755864,2039.0,2035.0,2044.0,-0.08553786418537912,600.0,1944109006.0,waiting,Yusuf
02:57:34,2039.4426666666666,2046.0,2032,2046,3.6434479396430093,2040.0,2036.0,2042.0,-0.42271451773515534,300.0,1944042202.0,waiting,Yusuf
02:57:37,2039.6286666666667,2048.3333333333335,2031,2049,5.036147160500994,2039.0,2036.0,2045.0,-0.08300273297996784,600.0,1945198395.0,waiting,Yusuf
02:57:40,2039.4953333333333,2047.6666666666667,2032,2048,3.780385106778879,2040.0,2036.0,2042.0,-0.40689333098681835,300.0,1944365963.0,waiting,Yusuf
02:57:43,2039.478,2048.0,2031,2048,4.603351967135832,2040.0,2036.0,2043.0,-0.17298900068243378,600.0,1944270259.0,waiting,Yusuf
02:57:46,2039.5033333333333,2048.0,2031,2048,4.500295052055538,2040.0,2035.0,2044.0,-0.09858903695841507,300.0,1944423853.0,waiting,Yusuf
02:57:49,2039.5066666666667,2048.0,2031,2048,4.351622941182085,2040.0,2036.0,2043.0,-0.16798810031557504,300.0,1944442274.0,waiting,Yusuf
02:57:52,2039.0473333333334,2046.6666666666667,2031,2047,3.9208535918711487,2040.0,2036.0,2042.0,-0.3726173540949222,300.0,1941626805.0,waiting,Yusuf
02:57:55,2039.0806666666667,2048.0,2031,2048,4.283086062901634,2039.5,2036.0,2043.0,-0.1758288401865786,601.0,1941835169.0,waiting,Yusuf
02:57:58,2039.2373333333333,2048.0,2031,2048,4.5828309542853045,2039.0,2036.0,2043.0,-0.14617844793517737,600.0,1942797560.0,waiting,Yusuf
02:58:01,2039.324,2048.0,2031,2048,4.603370938779538,2039.0,2035.0,2044.0,-0.07585521912323154,600.0,1943328056.0,waiting,Yusuf
02:46:19,2041.146,2047.0,2034,2047,3.4555294818594726,2042.0,2040.0,2044.0,-0.8370812378076975,600.0,1954466105.0,waiting,Enes
02:46:22,2040.3493333333333,2045.0,2032,2046,3.0592972322995284,2042.0,2040.0,2042.0,-1.1359613125135177,300.0,1949584846.0,waiting,Enes
02:46:25,2040.1246666666666,2048.0,2032,2048,3.7961109338666885,2041.0,2036.0,2043.0,-0.11565547630484913,300.0,1948217303.0,waiting,Enes
02:46:28,2040.4813333333334,2049.0,2032,2049,5.210148899557052,2040.0,2037.0,2045.0,-0.012702163681351268,300.0,1950419530.0,waiting,Enes
02:46:31,2040.2966666666666,2047.3333333333333,2032,2048,3.6900752777627117,2041.0,2039.0,2043.0,-0.7030992799155003,300.0,1949268861.0,waiting,Enes
02:46:34,2040.3633333333332,2048.3333333333335,2033,2049,4.4376407645905225,2041.0,2036.0,2044.0,0.004787502669839747,300.0,1949686041.0,waiting,Enes
02:46:37,2040.3386666666668,2049.0,2032,2049,5.278001978863677,2040.0,2037.0,2045.0,-0.031606949185077234,600.0,1949547302.0,waiting,Enes
02:46:40,2039.944,2048.0,2032,2048,4.616874556089505,2040.0,2038.0,2044.0,-0.3389740045713313,600.0,1947121962.0,waiting,Enes
02:46:44,2040.3486666666668,2046.6666666666667,2032,2048,3.860453110999047,2041.0,2039.0,2044.0,-0.7514048879982991,600.0,1949589081.0,waiting,Enes
02:46:47,2040.9993333333334,2047.6666666666667,2033,2048,3.3766846988659682,2042.0,2041.0,2044.0,-1.027139720701385,300.0,1953567225.0,waiting,Enes
02:46:50,2041.1013333333333,2047.0,2034,2049,3.09995670220659,2042.0,2041.0,2043.0,-1.2354942033069933,300.0,1954189098.0,waiting,Enes
02:46:53,2041.1653333333334,2047.3333333333333,2034,2048,3.4891257102922246,2042.0,2040.0,2044.0,-0.880331293362635,600.0,1954584842.0,waiting,Enes
02:46:56,2041.2186666666666,2047.0,2034,2047,3.852815190077107,2041.0,2040.0,2045.0,-0.6223534023870032,600.0,1954915438.0,waiting,Enes
02:46:59,2041.1446666666666,2047.0,2034,2047,3.8131008670401343,2041.0,2040.0,2045.0,-0.6645674280933342,600.0,1954461839.0,waiting,Enes
02:47:02,2041.0553333333332,2048.3333333333335,2035,2049,3.089164647962653,2042.0,2041.0,2043.0,-1.1246028797734164,300.0,1953907329.0,waiting,Enes
02:47:05,2041.2073333333333,2048.0,2035,2048,3.2924681049665803,2042.0,2038.0,2044.0,-0.39091315724151715,300.0,1954840031.0,waiting,Enes
02:47:08,2041.4793333333334,2050.0,2034,2050,4.762937422315024,2041.0,2037.0,2046.0,0.04737944823931387,600.0,1956523535.0,waiting,Enes
02:47:11,2041.3073333333334,2049.0,2033,2049,4.6645699575511665,2041.0,2039.0,2046.0,-0.19089812928878322,300.0,1955468785.0,waiting,Enes
02:47:14,2040.9753333333333,2046.0,2034,2046,3.2240851243242465,2042.0,2041.0,2043.0,-1.098645808774501,300.0,1953418763.0,waiting,Enes
02:47:17,2041.068,2044.6666666666667,2033,2045,3.016296183511604,2042.0,2041.0,2043.0,-1.150785830100601,300.0,1953984222.0,waiting,Enes
02:47:20,2041.454,2045.0,2034,2045,3.034010107651808,2043.0,2041.0,2044.0,-1.1811883895430684,300.0,1956348163.0,waiting,Enes
02:47:23,2041.4046666666666,2047.0,2034,2049,3.475185110976904,2042.0,2041.0,2044.0,-0.9572419759624703,300.0,1956050339.0,waiting,Enes
02:47:26,2041.4646666666667,2047.3333333333333,2034,2048,3.7819860156037355,2042.0,2040.0,2045.0,-0.6794418013233532,600.0,1956421137.0,waiting,Enes
02:47:29,2041.7606666666666,2050.0,2033,2050,5.026269612965685,2042.0,2038.0,2046.0,0.02710246566558232,300.0,1958250529.0,waiting,Enes
02:47:32,2041.642,2049.0,2034,2049,4.381533521496783,2042.0,2037.0,2046.0,0.026087302867321156,300.0,1957514585.0,waiting,Enes
02:47:35,2041.374,2047.0,2035,2047,3.2689637501813933,2043.0,2039.0,2044.0,-0.5853607477698436,300.0,1955860445.0,waiting,Enes
02:47:38,2041.306,2047.0,2034,2047,3.5016706488950864,2042.0,2041.0,2044.0,-0.9275781613832496,300.0,1955446375.0,waiting,Enes
02:47:41,2041.5253333333333,2050.0,2033,2050,4.776053973266588,2041.0,2038.0,2046.0,-0.16593033071444924,600.0,1956805450.0,waiting,Enes
02:47:44,2041.6293333333333,2049.6666666666665,2034,2050,4.610705610014829,2042.0,2037.0,2046.0,0.04786743494205752,600.0,1957440094.0,waiting,Enes
02:47:47,2041.3646666666666,2047.6666666666667,2035,2048,3.2911525168075833,2043.0,2038.0,2044.0,-0.4991395802639598,300.0,1955803505.0,waiting,Enes
02:47:50,2041.2373333333333,2046.3333333333333,2035,2047,3.138525060526928,2042.0,2042.0,2043.0,-1.298682795554452,300.0,1955022256.0,waiting,Enes
02:47:53,2041.2193333333332,2045.3333333333333,2035,2046,3.122695345726545,2042.0,2042.0,2043.0,-1.331342536772431,300.0,1954911881.0,waiting,Enes
02:47:56,2041.2866666666666,2045.3333333333333,2035,2046,3.0967438095881006,2043.0,2042.0,2043.0,-1.3189158662873894,300.0,1955323972.0,waiting,Enes
02:47:59,2041.2353333333333,2046.0,2035,2047,3.01263199803022,2043.0,2040.0,2044.0,-0.8927245056726805,300.0,1955008847.0,waiting,Enes
02:48:02,2041.3433333333332,2046.6666666666667,2035,2048,3.3224672893632663,2043.0,2039.0,2044.0,-0.4240125486272521,300.0,1955673169.0,waiting,Enes
02:48:05,2042.04,2048.6666666666665,2036,2049,3.843227810057582,2043.0,2038.0,2046.0,-0.037848563296461184,300.0,1959945902.0,waiting,Enes
02:48:08,2041.6353333333334,2048.0,2035,2048,4.190745942616368,2042.0,2037.0,2046.0,0.015394699851057432,300.0,1957471299.0,waiting,Enes
02:48:11,2041.4726666666666,2049.0,2033,2049,4.989581100208269,2041.0,2037.0,2046.0,0.003096537127394301,600.0,1956486021.0,waiting,Enes
02:48:14,2041.07,2050.0,2032,2050,5.276466620760526,2041.0,2037.0,2046.0,-0.02023771733794102,600.0,1954024583.0,waiting,Enes
02:48:17,2040.5246666666667,2049.0,2032,2049,4.7489007382995725,2040.0,2038.0,2045.0,-0.23082428530148602,600.0,1950677905.0,waiting,Enes
02:48:21,2040.4886666666666,2047.0,2033,2047,4.230272436721882,2040.0,2039.0,2045.0,-0.4440909897300612,600.0,1950450545.0,waiting,Enes
02:48:23,2040.366,2046.6666666666667,2033,2048,4.115180514469161,2040.0,2039.0,2044.0,-0.5374324481891626,600.0,1949698227.0,waiting,Enes
02:48:27,2040.33,2047.0,2033,2047,4.017764718513682,2040.0,2039.0,2044.0,-0.5866327433275929,600.0,1949476681.0,waiting,Enes
02:48:30,2040.5806666666667,2049.0,2032,2049,4.864787719475081,2040.0,2038.0,2045.0,-0.1651127400871212,600.0,1951022389.0,waiting,Enes
02:48:33,2040.7113333333334,2049.0,2033,2049,5.141076886757828,2040.0,2037.0,2046.0,-0.006532507664051973,600.0,1951826469.0,waiting,Enes
02:48:36,2040.458,2048.0,2033,2048,3.6728149059452115,2041.0,2036.0,2043.0,-0.13161329704511132,300.0,1950256213.0,waiting,Enes
02:48:39,2040.3586666666667,2047.3333333333333,2034,2048,3.146112663095346,2041.0,2040.0,2042.0,-1.0547665279345186,300.0,1949642784.0,waiting,Enes
02:48:42,2040.8333333333333,2049.0,2033,2049,4.605672830566911,2040.5,2038.0,2045.0,-0.1666376652871543,300.0,1952565564.0,waiting,Enes
02:48:45,2040.5073333333332,2049.0,2032,2049,5.063392758044968,2040.0,2036.0,2045.0,0.046372133641242125,600.0,1950576427.0,waiting,Enes
02:48:48,2040.908,2048.0,2033,2048,4.567807935250051,2041.0,2037.0,2045.0,0.04544782171743889,600.0,1953022198.0,waiting,Enes
03:01:09,2039.4233333333334,2048.6666666666665,2027,2050,4.482869864520073,2040.0,2036.0,2043.0,-0.20147574972720314,300.0,1943934147.0,waiting,Furkan
03:01:12,2039.5293333333334,2048.0,2031,2048,3.897837805188353,2040.0,2036.0,2042.0,-0.3259297510293826,300.0,1944575346.0,waiting,Furkan
03:01:15,2039.9166666666667,2048.3333333333335,2032,2049,4.523316138508218,2040.0,2036.0,2044.0,-0.15334241280224176,300.0,1946953405.0,waiting,Furkan
03:01:18,2039.8766666666668,2048.0,2032,2048,4.165267765168952,2040.0,2036.0,2043.0,-0.16885265526710178,300.0,1946703951.0,waiting,Furkan
03:01:21,2039.3606666666667,2048.0,2030,2048,4.398475442948639,2040.0,2036.0,2043.0,-0.188955447152333,300.0,1943549617.0,waiting,Furkan
03:01:24,2039.6286666666667,2048.0,2031,2048,4.436527721340442,2040.0,2035.0,2043.0,-0.12571134500729284,300.0,1945189875.0,waiting,Furkan
03:01:27,2039.506,2048.0,2031,2048,4.252289265795543,2040.0,2036.0,2043.0,-0.29335481107026345,300.0,1944436913.0,waiting,Furkan
03:01:30,2039.6646666666666,2048.0,2031,2048,4.681618476078071,2040.0,2036.0,2044.0,-0.12260614018460851,300.0,1945413509.0,waiting,Furkan
03:01:33,2039.5993333333333,2048.0,2031,2048,4.286894706220602,2040.0,2036.0,2043.0,-0.17154409225263667,300.0,1945008431.0,waiting,Furkan
03:01:37,2039.516,2048.3333333333335,2031,2049,4.175054171305246,2040.0,2036.0,2043.0,-0.26086589151034767,300.0,1944497122.0,waiting,Furkan
03:01:40,2039.564,2048.6666666666665,2031,2049,4.317627126095999,2040.0,2036.0,2043.0,-0.2290692607268645,300.0,1944792632.0,waiting,Furkan
03:01:43,2039.4906666666666,2048.0,2031,2048,4.385496500460985,2040.0,2036.0,2043.0,-0.1307237817995118,300.0,1944344822.0,waiting,Furkan
03:01:46,2039.2353333333333,2048.0,2031,2048,4.45674973744569,2040.0,2035.0,2043.0,-0.11175332696866755,300.0,1942783615.0,waiting,Furkan
03:01:49,2039.3046666666667,2048.0,2031,2048,4.233341259835099,2040.0,2036.0,2043.0,-0.17329883820507927,300.0,1943204871.0,waiting,Furkan
03:01:52,2039.6326666666666,2048.0,2032,2048,4.016681825697535,2040.0,2036.0,2042.25,-0.2839697188714608,300.0,1945209027.0,waiting,Furkan
03:01:55,2039.886,2048.0,2032,2048,4.230485078569596,2040.0,2037.0,2043.0,-0.19985658228545983,300.0,1946761889.0,waiting,Furkan
03:01:58,2039.7566666666667,2048.0,2032,2048,4.388179830205483,2040.0,2036.0,2043.0,-0.124828876520607,300.0,1945972477.0,waiting,Furkan
03:02:01,2039.8533333333332,2048.3333333333335,2032,2049,4.272527225061168,2040.0,2036.0,2043.0,-0.12031285582089603,300.0,1946562518.0,waiting,Furkan
03:02:04,2039.792,2048.0,2032,2048,4.133852440520827,2040.0,2036.0,2043.0,-0.21216221813067196,300.0,1946185442.0,waiting,Furkan
03:02:07,2039.784,2048.0,2032,2048,4.133280859881974,2040.0,2037.0,2043.0,-0.2597748244317811,300.0,1946136480.0,waiting,Furkan
03:02:10,2039.992,2048.0,2031,2048,4.439512285525668,2040.0,2036.0,2044.0,-0.1465947881985992,300.0,1947413308.0,waiting,Furkan
03:02:13,2039.7946666666667,2048.0,2032,2048,4.182722983363297,2040.0,2036.0,2043.0,-0.14271677350240883,300.0,1946202370.0,waiting,Furkan
03:02:16,2039.6293333333333,2048.0,2032,2048,4.114357733055739,2040.0,2036.0,2043.0,-0.29956338599316906,300.0,1945189822.0,waiting,Furkan
03:02:19,2039.6206666666667,2048.0,2032,2048,4.466255652731442,2040.0,2036.0,2043.0,-0.12010909880182677,300.0,1945141321.0,waiting,Furkan
03:02:22,2039.454,2048.0,2031,2048,4.4553956801463395,2040.0,2036.0,2043.0,-0.13428030715642203,300.0,1944121407.0,waiting,Furkan
03:02:25,2039.9093333333333,2048.3333333333335,2032,2049,4.401944216921528,2040.0,2036.0,2044.0,-0.16065455357997271,300.0,1946906902.0,waiting,Furkan
03:02:28,2039.5846666666666,2048.0,2031,2048,4.403804970956618,2040.0,2036.0,2043.0,-0.20803642125544264,300.0,1944920213.0,waiting,Furkan
03:02:31,2039.516,2048.0,2031,2048,4.433855808811709,2040.0,2036.0,2043.0,-0.19215902018032494,300.0,1944500464.0,waiting,Furkan
03:02:34,2039.4993333333334,2048.0,2031,2048,4.409913025093453,2040.0,2036.0,2043.0,-0.16559116944050326,300.0,1944398171.0,waiting,Furkan
03:02:37,2039.4733333333334,2048.0,2031,2048,4.348941122720436,2040.0,2036.0,2043.0,-0.2324247841306226,300.0,1944238290.0,waiting,Furkan
03:02:40,2039.5533333333333,2048.0,2031,2048,4.542886992015345,2040.0,2036.0,2043.0,-0.15942427642851648,300.0,1944730360.0,waiting,Furkan
03:02:43,2039.5806666666667,2048.0,2031,2048,4.182442614337012,2040.0,2036.0,2043.0,-0.3175881822176616,300.0,1944892887.0,waiting,Furkan
03:02:46,2039.5833333333333,2048.0,2032,2048,4.296245130602096,2040.0,2035.0,2043.0,-0.19163161248822197,300.0,1944910651.0,waiting,Furkan
03:02:49,2039.644,2048.3333333333335,2031,2049,4.8326594472746915,2040.0,2035.0,2044.0,-0.056600208019508096,600.0,1945289206.0,waiting,Furkan
03:02:52,2039.468,2048.0,2031,2048,4.509949297571611,2040.0,2036.0,2043.0,-0.2247813293487376,600.0,1944207798.0,waiting,Furkan
03:02:55,2039.6173333333334,2047.6666666666667,2032,2048,3.9505568665133217,2040.0,2036.0,2043.0,-0.3658675727445914,300.0,1945114414.0,waiting,Furkan
03:02:58,2039.686,2048.0,2031,2048,4.623065793749136,2040.0,2036.0,2044.0,-0.05110865739121438,300.0,1945543231.0,waiting,Furkan
03:03:01,2039.6766666666667,2048.0,2032,2048,4.560422738689425,2040.0,2036.0,2044.0,-0.1660811567764613,300.0,1945485257.0,waiting,Furkan
03:03:04,2039.7353333333333,2048.3333333333335,2032,2049,4.212040466197932,2040.0,2037.0,2043.0,-0.30558625341745976,300.0,1945839661.0,waiting,Furkan
03:03:07,2039.806,2048.0,2032,2048,4.065181094777124,2040.0,2036.0,2043.0,-0.24234525616396113,300.0,1946270269.0,waiting,Furkan
03:03:10,2039.7393333333334,2048.0,2031,2048,4.4029595602150255,2040.0,2036.0,2043.0,-0.1232375100756498,300.0,1945866605.0,waiting,Furkan
03:03:13,2039.7726666666667,2048.0,2032,2048,4.542941729271415,2040.0,2036.0,2044.0,-0.15094336050961604,600.0,1946072459.0,waiting,Furkan
03:03:16,2039.7713333333334,2048.0,2032,2048,4.3514417023429015,2040.0,2036.0,2043.0,-0.18461455812048144,600.0,1946061745.0,waiting,Furkan
03:03:19,2039.8033333333333,2048.0,2032,2048,4.380637954555123,2040.0,2036.0,2043.0,-0.2060202403852444,300.0,1946257947.0,waiting,Furkan
03:03:23,2039.7573333333332,2048.6666666666665,2032,2049,4.3264819683227875,2040.0,2036.0,2043.0,-0.183754327253715,300.0,1945975750.0,waiting,Furkan
03:03:26,2039.8666666666666,2048.6666666666665,2032,2049,4.304519588628781,2040.0,2036.0,2043.0,-0.20446117664936492,300.0,1946644524.0,waiting,Furkan
03:03:29,2039.884,2048.0,2032,2048,3.9545598996601377,2040.5,2036.0,2043.0,-0.3039318256989871,300.0,1946746262.0,waiting,Furkan
03:03:32,2039.9586666666667,2048.0,2032,2048,4.439627411794322,2040.0,2036.0,2044.0,-0.07575663380868547,300.0,1947209312.0,waiting,Furkan
03:03:35,2039.9386666666667,2048.0,2032,2048,4.598576398070265,2040.0,2036.0,2044.0,-0.12897308122752488,600.0,1947089070.0,waiting,Furkan
03:03:38,2039.8726666666666,2048.0,2032,2048,4.181441484570708,2040.0,2037.0,2043.0,-0.28289080137649497,300.0,1946679675.0,waiting,Furkan

